date,admissions,icu_occupancy,general_occupancy,oxygen_usage_liters,avg_patient_age
2025-01-01,52,14,37,437,53
2025-01-02,49,15,29,420,42
2025-01-03,53,15,39,350,52
2025-01-04,58,17,32,538,46
2025-01-05,50,12,40,442,49
2025-01-06,50,15,37,474,60
2025-01-07,59,19,42,356,71
2025-01-08,56,21,44,580,58
2025-01-09,50,17,43,418,43
2025-01-10,55,22,43,522,59
2025-01-11,51,12,26,381,66
2025-01-12,51,17,29,464,48
2025-01-13,55,17,35,414,53
2025-01-14,44,19,30,342,55
2025-01-15,46,11,34,486,47
2025-01-16,52,13,32,432,61
2025-01-17,50,13,35,435,53
2025-01-18,57,10,36,528,59
2025-01-19,51,13,32,458,46
2025-01-20,49,12,27,424,50
2025-01-21,64,19,40,562,62
2025-01-22,55,17,31,587,51
2025-01-23,57,22,35,481,72
2025-01-24,50,17,40,435,51
2025-01-25,55,14,33,520,57
2025-01-26,58,14,53,548,64
2025-01-27,52,17,38,501,40
2025-01-28,60,14,42,541,37
2025-01-29,56,22,34,418,39
2025-01-30,58,20,44,574,67
2025-01-31,56,15,36,418,49
2025-02-01,69,15,48,601,80
2025-02-02,60,22,54,472,49
2025-02-03,55,16,38,464,56
2025-02-04,65,23,51,568,70
2025-02-05,55,11,34,483,75
2025-02-06,62,16,43,548,75
2025-02-07,52,15,45,522,67
2025-02-08,55,16,35,490,65
2025-02-09,63,17,53,523,60
2025-02-10,66,21,49,609,62
2025-02-11,63,15,41,594,49
2025-02-12,62,18,46,465,46
2025-02-13,62,18,48,556,54
2025-02-14,56,18,42,511,53
2025-02-15,60,20,34,495,50
2025-02-16,61,14,39,587,61
2025-02-17,69,16,47,578,64
2025-02-18,66,23,45,567,55
2025-02-19,56,17,42,467,69
2025-02-20,66,17,47,561,43
2025-02-21,63,23,37,480,53
2025-02-22,62,18,45,454,47
2025-02-23,68,23,50,657,36
2025-02-24,71,21,52,561,54
2025-02-25,70,27,54,545,53
2025-02-26,62,23,47,419,70
2025-02-27,65,18,47,520,61
2025-02-28,68,23,47,511,44
2025-03-01,71,23,41,685,73
2025-03-02,64,23,46,594,67
2025-03-03,66,16,47,526,60
2025-03-04,62,20,44,639,52
2025-03-05,61,21,36,567,45
2025-03-06,71,16,44,587,51
2025-03-07,74,18,57,504,65
2025-03-08,67,13,46,684,73
2025-03-09,73,21,54,551,70
2025-03-10,70,23,49,512,50
2025-03-11,65,24,45,603,43
2025-03-12,70,21,53,716,56
2025-03-13,76,27,50,715,37
2025-03-14,68,16,48,606,58
2025-03-15,76,17,50,675,53
2025-03-16,56,16,37,518,50
2025-03-17,73,23,49,658,39
2025-03-18,69,20,49,600,60
2025-03-19,67,13,44,574,49
2025-03-20,69,20,54,583,43
2025-03-21,59,13,36,463,26
2025-03-22,68,22,46,563,54
2025-03-23,71,22,47,518,72
2025-03-24,77,20,61,649,71
2025-03-25,67,18,47,520,50
2025-03-26,65,16,50,497,48
2025-03-27,67,19,39,578,59
2025-03-28,74,25,53,698,45
2025-03-29,71,18,54,649,58
2025-03-30,67,21,47,490,62
2025-03-31,72,20,55,562,67
2025-04-01,70,18,46,642,53
2025-04-02,74,21,58,579,52
2025-04-03,66,16,57,549,46
2025-04-04,68,18,45,605,46
2025-04-05,68,16,45,529,52
2025-04-06,62,24,50,532,58
2025-04-07,71,21,57,536,64
2025-04-08,71,19,47,573,46
2025-04-09,69,21,46,602,69
2025-04-10,68,20,46,498,52
2025-04-11,62,17,36,549,54
2025-04-12,67,21,42,568,47
2025-04-13,67,22,41,597,30
2025-04-14,65,17,41,563,63
2025-04-15,68,18,47,646,62
2025-04-16,71,20,50,609,52
2025-04-17,78,16,62,641,55
2025-04-18,70,16,44,601,60
2025-04-19,70,25,53,622,39
2025-04-20,68,25,46,580,49
2025-04-21,59,16,41,503,62
2025-04-22,68,22,50,542,42
2025-04-23,69,21,42,553,57
2025-04-24,80,33,57,609,41
2025-04-25,67,23,47,656,59
2025-04-26,69,20,50,524,54
2025-04-27,67,17,48,534,38
2025-04-28,62,13,55,491,66
2025-04-29,73,22,47,665,47
2025-04-30,71,19,47,588,46
2025-05-01,71,17,46,665,57
2025-05-02,62,16,40,493,66
2025-05-03,74,18,48,642,44
2025-05-04,60,23,47,468,55
2025-05-05,69,23,55,693,59
2025-05-06,77,23,51,595,61
2025-05-07,61,22,38,533,56
2025-05-08,63,19,46,567,51
2025-05-09,66,17,43,581,46
2025-05-10,63,23,47,526,55
2025-05-11,57,18,40,478,44
2025-05-12,65,16,37,554,25
2025-05-13,59,17,49,494,59
2025-05-14,67,17,55,617,64
2025-05-15,60,13,38,620,31
2025-05-16,72,24,48,584,44
2025-05-17,60,23,43,441,61
2025-05-18,62,14,45,522,75
2025-05-19,67,21,50,698,55
2025-05-20,57,15,49,444,47
2025-05-21,64,17,43,625,53
2025-05-22,69,18,44,670,68
2025-05-23,54,13,30,431,48
2025-05-24,63,19,40,563,47
2025-05-25,63,16,43,616,50
2025-05-26,65,20,54,533,45
2025-05-27,55,16,35,457,56
2025-05-28,54,15,38,429,71
2025-05-29,63,16,44,484,58
2025-05-30,62,16,49,494,52
2025-05-31,61,20,55,457,52
2025-06-01,61,19,40,520,39
2025-06-02,56,13,36,437,63
2025-06-03,60,18,47,521,54
2025-06-04,60,20,45,432,53
2025-06-05,55,11,47,484,86
2025-06-06,68,22,50,619,57
2025-06-07,60,16,40,410,47
2025-06-08,52,17,39,460,50
2025-06-09,61,16,48,579,66
2025-06-10,52,10,40,381,56
2025-06-11,61,13,45,602,40
2025-06-12,62,18,48,547,64
2025-06-13,52,16,42,406,48
2025-06-14,60,15,48,507,73
2025-06-15,57,19,43,512,65
2025-06-16,59,12,40,505,50
2025-06-17,64,19,45,570,67
2025-06-18,53,12,43,404,55
2025-06-19,50,13,30,433,63
2025-06-20,49,14,36,345,59
2025-06-21,49,12,32,410,46
2025-06-22,53,14,37,405,48
2025-06-23,54,19,44,422,65
2025-06-24,54,14,38,520,51
2025-06-25,56,19,39,530,50
2025-06-26,52,12,29,472,45
2025-06-27,58,18,44,438,59
2025-06-28,50,19,38,409,75
2025-06-29,64,11,55,604,44
2025-06-30,53,13,35,457,55
2025-07-01,46,15,33,506,69
2025-07-02,44,12,32,393,54
2025-07-03,52,16,44,451,59
2025-07-04,48,12,33,392,44
2025-07-05,52,15,37,448,59
2025-07-06,50,14,38,417,53
2025-07-07,47,17,33,434,64
2025-07-08,43,13,27,413,66
2025-07-09,40,13,28,300,80
2025-07-10,45,12,36,315,60
2025-07-11,51,13,30,341,58
2025-07-12,47,12,33,424,56
2025-07-13,39,12,23,276,51
2025-07-14,46,12,38,283,58
2025-07-15,47,14,25,418,52
2025-07-16,40,18,25,464,56
2025-07-17,45,16,33,382,68
2025-07-18,44,12,38,415,44
2025-07-19,38,15,26,327,66
2025-07-20,45,12,28,377,68
2025-07-21,46,7,41,436,53
2025-07-22,48,11,26,393,33
2025-07-23,48,8,22,421,48
2025-07-24,35,9,26,313,67
2025-07-25,37,11,23,281,54
2025-07-26,44,18,25,423,45
2025-07-27,44,14,34,365,49
2025-07-28,43,12,31,327,63
2025-07-29,60,20,39,536,60
2025-07-30,43,6,23,320,52
2025-07-31,46,14,36,392,51
2025-08-01,44,15,34,373,51
2025-08-02,43,8,29,419,45
2025-08-03,37,14,35,338,71
2025-08-04,43,13,24,364,51
2025-08-05,35,9,16,338,67
2025-08-06,37,12,22,384,70
2025-08-07,35,17,24,325,64
2025-08-08,38,11,27,323,50
2025-08-09,49,15,33,350,59
2025-08-10,28,7,21,184,54
2025-08-11,40,9,21,324,45
2025-08-12,28,10,26,207,58
2025-08-13,34,7,23,279,43
2025-08-14,41,12,34,351,66
2025-08-15,36,9,26,332,50
2025-08-16,30,10,23,251,57
2025-08-17,32,10,25,296,57
2025-08-18,38,14,28,326,52
2025-08-19,31,7,24,164,60
2025-08-20,36,9,31,259,50
2025-08-21,35,7,25,290,63
2025-08-22,31,7,25,203,41
2025-08-23,45,14,31,412,56
2025-08-24,37,13,33,391,74
2025-08-25,23,4,12,256,44
2025-08-26,34,12,32,278,48
2025-08-27,30,13,20,329,60
2025-08-28,37,12,18,321,56
2025-08-29,29,14,20,229,58
2025-08-30,32,7,18,241,59
2025-08-31,35,6,28,282,61
2025-09-01,36,5,21,286,66
2025-09-02,26,12,15,229,59
2025-09-03,30,10,11,263,52
2025-09-04,29,8,18,246,61
2025-09-05,28,9,7,259,73
2025-09-06,40,8,20,399,53
2025-09-07,33,17,26,327,45
2025-09-08,25,7,21,138,66
2025-09-09,36,11,27,178,53
2025-09-10,41,14,23,395,33
2025-09-11,36,12,24,237,63
2025-09-12,23,7,16,184,49
2025-09-13,28,6,13,179,54
2025-09-14,37,12,33,224,58
2025-09-15,27,13,23,256,56
2025-09-16,32,13,21,309,62
2025-09-17,34,14,23,260,50
2025-09-18,25,5,18,82,60
2025-09-19,30,6,10,227,52
2025-09-20,14,3,8,138,62
2025-09-21,25,7,14,138,61
2025-09-22,28,11,14,247,45
2025-09-23,23,1,14,194,65
2025-09-24,38,15,35,351,49
2025-09-25,22,6,18,192,63
2025-09-26,27,6,16,180,58
2025-09-27,30,5,23,314,73
2025-09-28,37,6,32,306,52
2025-09-29,22,9,20,185,51
2025-09-30,35,10,24,250,54
2025-10-01,30,5,17,232,51
2025-10-02,25,3,20,168,62
2025-10-03,32,8,24,263,38
2025-10-04,31,14,26,349,44
2025-10-05,27,7,22,160,44
2025-10-06,30,4,26,174,64
2025-10-07,28,7,16,311,72
2025-10-08,30,8,27,244,53
2025-10-09,33,1,24,247,53
2025-10-10,38,11,36,374,55
2025-10-11,24,6,13,173,66
2025-10-12,41,14,37,439,45
2025-10-13,20,11,14,203,57
2025-10-14,29,12,17,222,64
2025-10-15,33,9,20,388,60
2025-10-16,32,6,20,241,56
2025-10-17,27,15,21,266,65
2025-10-18,29,8,22,261,27
2025-10-19,28,8,16,303,61
2025-10-20,28,8,19,316,48
2025-10-21,35,11,35,299,36
2025-10-22,33,9,31,242,60
2025-10-23,27,6,21,252,68
2025-10-24,36,9,25,272,53
2025-10-25,33,9,23,381,64
2025-10-26,35,8,27,304,71
2025-10-27,35,8,19,279,68
2025-10-28,27,8,17,238,71
2025-10-29,29,7,11,179,62
2025-10-30,36,15,27,257,55
2025-10-31,35,2,27,357,38
2025-11-01,32,12,19,239,52
2025-11-02,33,13,30,228,46
2025-11-03,39,5,21,358,76
2025-11-04,30,7,13,314,53
2025-11-05,36,9,26,341,56
2025-11-06,32,5,27,321,60
2025-11-07,32,7,30,234,55
2025-11-08,39,8,25,260,71
2025-11-09,38,16,31,398,48
2025-11-10,38,14,26,306,56
2025-11-11,41,16,27,335,47
2025-11-12,35,12,28,363,41
2025-11-13,38,8,29,350,48
2025-11-14,33,8,15,303,54
2025-11-15,37,12,33,422,50
2025-11-16,35,6,31,265,48
2025-11-17,36,12,22,352,40
2025-11-18,39,10,29,334,54
2025-11-19,32,8,24,285,39
2025-11-20,47,16,34,475,62
2025-11-21,32,10,19,297,55
2025-11-22,31,8,18,290,40
2025-11-23,43,16,29,419,51
2025-11-24,42,9,35,338,47
2025-11-25,41,14,31,306,58
2025-11-26,41,14,26,296,68
2025-11-27,38,10,30,224,36
2025-11-28,34,11,9,391,56
2025-11-29,39,7,33,276,53
2025-11-30,36,13,16,294,61
2025-12-01,44,12,28,360,57
2025-12-02,39,10,21,346,47
2025-12-03,36,13,18,346,51
2025-12-04,39,9,33,374,47
2025-12-05,43,8,27,336,65
2025-12-06,38,6,28,314,55
2025-12-07,37,12,25,328,74
2025-12-08,43,9,32,353,54
2025-12-09,43,18,30,445,47
2025-12-10,40,5,21,364,39
2025-12-11,40,17,32,376,36
2025-12-12,44,13,28,407,39
2025-12-13,36,10,17,364,57
2025-12-14,37,9,23,323,60
2025-12-15,40,13,35,275,39
2025-12-16,43,12,34,385,63
2025-12-17,46,17,30,358,50
2025-12-18,52,15,34,415,56
2025-12-19,50,15,33,454,71
2025-12-20,45,12,41,444,63
2025-12-21,46,13,34,392,52
2025-12-22,41,13,30,363,46
2025-12-23,47,8,38,484,33
2025-12-24,46,9,33,403,47
2025-12-25,49,16,33,546,52
2025-12-26,44,13,29,402,45
2025-12-27,51,14,35,345,53
2025-12-28,56,16,39,513,55
2025-12-29,48,15,37,427,52
2025-12-30,51,13,35,497,48
2025-12-31,53,13,40,484,56
