date,hospital_id,hospital_type,location,daily_admissions,daily_discharges,emergency_cases,outpatient_visits,flu_cases,covid_cases,respiratory_cases,beds_occupied,icu_beds_occupied,oxygen_units_used,ventilators_used,temperature,rainfall,air_quality_index,festival_or_event,next_day_beds_needed,next_day_icu_needed,next_day_oxygen_needed
2025-09-23,1,small,rural,22.0,21,20,171,13,1.0,6,61,11,76,1,37.0,43.7371824828283,155,0,79.0,23.0,71.0
2025-08-11,3,medium,urban,25.0,16,14,171,24,10.0,20,60,21,64,2,29.0,21.147177187077887,188,1,62.0,6.0,68.0
2025-08-17,3,small,rural,44.0,26,21,100,21,4.0,17,91,23,35,3,29.0,4.88050190544958,73,1,111.0,5.0,53.0
2025-04-02,1,medium,rural,39.0,15,15,51,18,14.0,23,91,21,74,7,24.0C,15.582645832732444,115,0,69.0,6.0,47.0
2025-08-23,1,small,rural,29.0,20,20,170,15,3.0,7,92,16,44,6,nan,26.863783683401905,149,1,94.0,24.0,35.0
2025-02-21,4,small,rural,36.0,35,6,149,22,7.0,11,52,6,37,2,nanC,13.002402012621694,194,0,84.0,24.0,66.0
2025-11-19,2,medium,urban,,32,14,150,23,10.0,19,58,7,75,6,nanC,22.294330992990396,147,0,102.0,20.0,28.0
2026-01-20,5,small,urban,53.0,36,20,189,11,,29,45,6,33,3,23.0C,49.78225883371746,151,0,71.0,16.0,68.0
2025-01-25,1,small,rural,29.0,25,9,173,6,10.0,11,106,10,66,2,27.0C,22.91817397131531,158,1,67.0,10.0,28.0
2025-02-27,2,small,rural,41.0,34,15,133,10,4.0,17,93,20,64,5,nan,5.625156526331587,68,0,75.0,20.0,69.0
2025-04-24,3,medium,urban,53.0,26,22,84,6,1.0,9,104,20,73,7,38.0,41.06297101864227,158,0,81.0,6.0,41.0
2025-10-12,1,small,urban,56.0,24,10,114,15,10.0,8,77,7,54,1,32.0,5.372527631445406,153,0,117.0,12.0,76.0
2025-04-05,1,small,rural,36.0,45,12,159,13,6.0,18,96,20,79,8,24.0,48.62841178248684,110,1,91.0,6.0,78.0
2025-07-27,3,small,urban,33.0,47,20,139,14,,28,60,5,74,7,33.0C,44.79078657800974,131,0,88.0,24.0,72.0
2025-05-15,3,small,rural,44.0,39,16,141,18,8.0,25,102,16,25,1,28.0,9.41160998845228,149,0,67.0,9.0,42.0
2025-06-19,4,small,rural,22.0,19,11,173,24,9.0,5,55,10,46,5,36.0,2.810695272993924,70,0,95.0,16.0,28.0
2026-04-14,1,small,RURAL ,27.0,20,18,124,6,3.0,26,102,7,20,5,nanC,4.370840393554193,139,0,51.0,17.0,46.0
2025-06-14,3,MEDIUM,Urban,33.0,15,15,95,9,5.0,29,119,12,69,2,36.0,28.937823817999963,116,0,43.0,23.0,67.0
2025-03-01,2,medium,rural,46.0,46,12,74,16,4.0,7,40,18,66,3,29.0,13.75494407795622,126,1,54.0,11.0,31.0
2025-09-26,5,medium,rural,31.0,27,10,147,7,12.0,29,104,19,79,9,38.0,3.364230646075728,58,1,102.0,18.0,43.0
2025-01-09,3,small,urban,30.0,46,11,72,8,8.0,20,52,9,62,6,21.0C,16.140489672392516,106,0,45.0,8.0,44.0
2026-02-12,4,medium,urban,,20,12,158,9,6.0,10,61,16,64,1,26.0C,22.343709760021945,179,0,50.0,5.0,32.0
2025-07-04,2,medium,urban,21.0,18,12,66,12,8.0,27,63,9,56,7,35.0,10.585718607398542,150,1,44.0,17.0,73.0
2026-02-25,2,small,rural,43.0,17,22,116,23,5.0,16,108,16,48,5,nan,29.29041971076221,140,0,86.0,10.0,44.0
2025-07-12,4,small,rural,,25,6,60,17,10.0,12,115,7,44,5,nanC,7.838021432581965,116,0,92.0,21.0,77.0
2025-12-31,4,small,urban,41.0,44,21,66,23,12.0,18,84,8,30,4,25.0,21.134330982871287,185,1,105.0,22.0,73.0
2025-05-09,5,small,rural,56.0,47,13,70,17,11.0,27,111,23,45,4,23.0,17.11975616479298,135,1,88.0,8.0,59.0
2026-03-27,3,small,urban,21.0,48,22,86,19,11.0,12,45,7,78,1,24.0,41.27199478743144,175,1,96.0,23.0,26.0
2026-03-02,2,small,rural,,29,15,71,17,11.0,18,64,15,43,6,38.0,12.272723126946522,171,0,113.0,8.0,30.0
2025-04-22,3,small,rural,49.0,34,13,186,17,9.0,12,101,15,42,8,27.0,3.848459150400868,191,0,51.0,13.0,79.0
2026-01-24,1,small,urban,54.0,47,16,69,19,8.0,18,79,22,55,5,31.0,45.83780015593734,184,0,112.0,11.0,26.0
2025-12-19,1,medium,rural,,31,9,93,5,14.0,16,43,8,44,2,35.0,47.98728607309846,162,1,84.0,21.0,32.0
2025-01-14,2,Small ,rural,39.0,34,6,157,18,4.0,25,93,17,33,3,27.0,43.38510489596195,54,0,43.0,15.0,47.0
2025-05-13,4,medium,rural,44.0,38,24,181,19,9.0,14,60,6,60,1,24.0C,29.121753844414798,60,1,105.0,19.0,20.0
2025-08-24,2,small,Urban,53.0,35,24,88,5,12.0,24,94,24,35,7,33.0,33.8562131741282,54,0,76.0,17.0,73.0
2025-01-27,3,small,rural,42.0,26,8,136,6,9.0,5,42,24,59,7,35.0C,1.7188429175862607,138,0,119.0,19.0,51.0
2026-05-13,1,medium,urban,58.0,18,6,102,5,,11,116,18,33,3,30.0,25.16102074293172,72,1,60.0,20.0,67.0
2025-09-20,5,small,urban,47.0,39,10,148,15,13.0,8,115,24,61,8,39.0,46.80882820832526,56,0,40.0,23.0,29.0
2025-06-29,1,Small ,urban,44.0,27,16,58,23,12.0,25,65,21,64,1,35.0C,35.61101025885793,53,0,59.0,13.0,32.0
2025-02-02,4,small,urban,59.0,22,8,192,21,6.0,19,101,22,65,2,31.0,6.670816776160354,64,1,96.0,22.0,76.0
2026-02-03,4,medium,urban,39.0,41,8,145,8,13.0,18,102,22,70,8,21.0,16.770340674817348,155,0,107.0,9.0,27.0
2025-10-25,3,small,urban,46.0,33,14,165,21,7.0,22,74,15,23,9,29.0,6.787292654995053,51,0,99.0,23.0,61.0
2026-02-10,5,small,rural,48.0,18,18,53,13,9.0,24,61,11,61,2,28.0,4.957305613881196,138,0,104.0,13.0,36.0
2025-08-01,3,MEDIUM,urban,44.0,49,8,133,17,3.0,12,91,19,38,5,38.0,48.41634800496275,83,0,118.0,15.0,37.0
2025-12-22,3,medium,rural,,37,23,117,17,2.0,26,105,15,58,7,26.0C,20.33868742860026,59,0,70.0,8.0,47.0
2026-05-06,1,medium,rural,52.0,23,16,88,21,14.0,17,68,20,67,2,20.0,41.13287342402137,187,0,106.0,18.0,51.0
2026-01-30,5,small,urban,30.0,37,23,196,12,7.0,21,50,16,35,8,25.0,9.615788639217527,189,1,82.0,12.0,66.0
2025-12-11,2,small,urban,51.0,22,11,180,17,5.0,9,76,20,50,2,20.0,0.833577529981655,128,0,118.0,22.0,69.0
2025-03-12,1,MEDIUM,urban,40.0,47,12,112,16,5.0,26,98,5,58,6,31.0,48.721965531923765,123,0,98.0,15.0,72.0
2025-07-07,1,medium,urban,49.0,48,6,100,12,,24,97,12,47,7,nan,25.03097661669655,146,0,66.0,18.0,36.0
2026-04-15,4,small,rural,30.0,46,20,148,13,1.0,17,51,17,46,9,21.0,46.824666565511286,93,0,52.0,12.0,35.0
2026-02-18,4,medium,urban,22.0,32,5,130,24,5.0,24,115,11,55,4,nan,35.52109075062059,82,0,53.0,16.0,44.0
2026-03-20,3,medium,RURAL ,26.0,15,16,120,21,0.0,6,81,9,78,2,32.0,0.9825741373423902,185,0,93.0,14.0,27.0
2025-12-02,2, medium,rural,50.0,20,5,117,22,1.0,12,110,14,42,7,nan,39.81953613098545,98,1,89.0,11.0,48.0
2025-01-20,4,small,rural,53.0,20,5,174,17,12.0,9,71,8,47,1,38.0,5.698294355962058,118,0,98.0,13.0,70.0
2025-10-26,4,small,rural,32.0,24,9,114,24,2.0,28,99,23,61,5,29.0,48.87190921020061,103,0,45.0,9.0,64.0
2026-05-03,3,small,rural,52.0,23,22,62,8,10.0,24,110,5,54,8,31.0,28.342921664704733,175,0,91.0,14.0,67.0
2025-03-15,2,medium,urban,,22,15,168,8,0.0,19,78,19,65,7,32.0,41.09196613764512,60,0,67.0,14.0,33.0
2025-05-18,2,small,rural,,37,21,199,10,11.0,16,45,11,42,7,22.0,29.38992246858424,189,1,58.0,14.0,62.0
2025-08-16,2,medium,rural,53.0,39,24,154,22,10.0,7,49,20,44,7,29.0,9.859149098403314,172,0,91.0,23.0,35.0
2025-11-08,3,small,urban,57.0,46,16,100,12,0.0,23,98,17,54,1,36.0,8.3269256748635,153,0,103.0,22.0,56.0
2025-03-11,4,Small ,rural,45.0,29,9,120,5,4.0,12,47,21,54,6,30.0,41.81892887051997,133,1,98.0,5.0,58.0
2026-05-14,1,small,urban,45.0,31,7,88,18,14.0,29,60,20,67,2,26.0,38.2574424930632,186,1,103.0,18.0,50.0
2025-07-03,2,medium,urban,35.0,48,8,90,5,9.0,27,106,6,39,5,23.0,45.7417474998439,164,0,63.0,9.0,56.0
2025-07-30,3,small,rural,37.0,40,23,140,23,0.0,12,77,15,52,7,39.0,45.34927592191219,73,1,54.0,11.0,43.0
2025-04-21,1,medium,RURAL ,56.0,15,18,150,17,12.0,8,66,22,32,7,28.0,22.965184410653688,66,0,101.0,15.0,42.0
2025-05-17,4,medium,Urban,34.0,45,18,53,9,1.0,14,56,24,70,8,30.0,2.850119377596699,196,1,45.0,11.0,42.0
2025-02-23,5,small,urban,44.0,38,5,84,23,0.0,23,81,14,37,1,39.0,47.14913920355679,106,1,88.0,6.0,21.0
2025-09-15,5,small,rural,33.0,32,19,87,21,3.0,9,97,20,60,5,20.0,31.53176474915402,132,0,95.0,23.0,67.0
2025-05-31,1,small,urban,34.0,15,11,55,15,3.0,14,91,18,76,7,24.0,29.037799952782954,108,0,97.0,20.0,58.0
2025-03-19,4, medium,rural,,28,7,169,23,2.0,19,41,14,63,7,27.0,32.509358322282665,162,0,56.0,8.0,43.0
2025-02-05,5,Small ,rural,58.0,32,20,166,21,5.0,20,117,24,67,9,31.0,8.167722487157825,118,1,71.0,15.0,22.0
2025-03-21,4,medium,rural,,19,9,79,16,4.0,29,69,16,60,1,nan,45.59092847697235,56,1,52.0,23.0,20.0
2025-01-05,5,medium,urban,21.0,23,22,100,23,10.0,17,78,8,62,2,29.0,24.600086471604136,62,1,107.0,6.0,25.0
2025-08-12,4,small,urban,58.0,20,10,192,10,5.0,24,62,6,68,1,28.0,39.77891881287932,165,0,103.0,24.0,79.0
2025-09-30,1,medium,urban,44.0,18,11,112,9,9.0,27,60,15,50,9,22.0,36.05273304489359,97,0,118.0,10.0,34.0
2025-06-25,2,medium,rural,,47,14,155,17,3.0,11,73,11,40,6,38.0,47.8985533241227,165,0,106.0,18.0,45.0
2025-06-08,1,medium,urban,49.0,26,24,191,12,2.0,16,81,10,70,8,33.0,42.93000534912491,99,1,87.0,7.0,66.0
2026-02-14,4,medium, rural,39.0,36,6,122,12,0.0,14,116,15,26,3,25.0,11.023524049968492,142,1,42.0,19.0,46.0
2026-05-09,1,small, rural,,30,19,175,24,0.0,16,86,21,71,5,32.0C,22.97814887527609,141,0,85.0,22.0,66.0
2025-08-08,1,Small ,urban,31.0,35,10,133,5,0.0,5,86,5,20,3,21.0,4.650870463133749,106,1,107.0,19.0,55.0
2025-05-20,5,small,urban,51.0,37,11,116,21,,17,95,18,62,6,28.0,0.87491069936943,150,0,67.0,18.0,42.0
2026-03-04,5,medium,urban,44.0,49,14,116,9,2.0,28,117,22,45,3,31.0,38.841068362014056,103,1,97.0,8.0,70.0
2025-01-24,1,medium,RURAL ,36.0,28,22,197,18,,21,92,23,51,2,21.0,32.32036876140445,125,1,106.0,10.0,66.0
2025-06-27,1,medium,urban,48.0,27,12,103,8,11.0,14,63,19,59,1,21.0,28.989642191647757,190,1,112.0,16.0,67.0
2025-10-06,3, medium,urban,57.0,36,22,167,8,9.0,9,101,18,28,8,32.0C,7.304828277066012,196,1,86.0,24.0,45.0
2025-10-23,5,Small ,Urban,53.0,39,24,118,15,,27,52,18,48,8,38.0C,25.14377600327925,150,0,70.0,16.0,32.0
2025-01-11,4,medium,rural,22.0,22,11,199,24,0.0,17,116,17,37,4,20.0,23.19927087201904,84,0,99.0,23.0,32.0
2025-02-13,2,medium,urban,56.0,24,14,164,5,6.0,26,70,13,58,2,31.0,43.3999795947545,109,0,108.0,14.0,49.0
2025-07-16,3,medium,urban,48.0,39,13,176,12,1.0,10,86,12,25,4,34.0C,15.473128822309118,115,1,73.0,17.0,30.0
2026-03-05,5,small,urban,36.0,16,12,103,20,13.0,14,97,8,70,9,35.0C,33.67098644557164,182,1,80.0,21.0,53.0
2025-03-26,1, medium,urban,,20,15,138,20,6.0,17,94,15,41,2,31.0,35.0749550732583,70,0,79.0,15.0,42.0
2025-04-07,5,small,urban,28.0,24,10,169,13,5.0,27,48,24,52,8,33.0C,23.89336774565679,152,1,93.0,10.0,38.0
2025-10-15,5,small,urban,,38,23,68,6,7.0,14,45,24,24,5,25.0,13.48150043835914,196,1,74.0,19.0,74.0
2025-05-03,5,small,urban,38.0,40,15,154,16,9.0,16,95,6,27,5,29.0C,45.55602506959788,75,0,45.0,20.0,63.0
2025-08-14,1,small,rural,30.0,43,8,51,13,2.0,15,106,10,62,9,nan,6.516021658616794,91,0,79.0,12.0,53.0
2026-03-25,1, medium,Urban,57.0,39,17,85,20,4.0,10,98,11,51,7,22.0,0.3545906387185493,91,1,55.0,19.0,41.0
2025-12-06,4,small,rural,25.0,19,22,158,22,10.0,7,75,21,70,9,22.0C,30.21522099107394,103,1,52.0,13.0,24.0
2025-02-22,4,small,rural,56.0,45,20,121,19,11.0,18,84,24,66,6,29.0C,19.252902785948084,72,1,81.0,14.0,37.0
2026-01-15,5,medium,urban,51.0,15,6,166,12,4.0,9,108,20,44,4,30.0,22.404274364153824,181,1,45.0,11.0,63.0
2026-03-23,3, medium,rural,55.0,49,20,116,21,4.0,18,55,11,39,8,23.0,17.078519351578397,82,0,57.0,19.0,67.0
2025-01-13,5,small,rural,31.0,42,9,118,22,2.0,21,53,6,62,8,32.0,46.38728665377037,143,0,93.0,17.0,33.0
2026-03-01,3,medium,rural,35.0,23,23,163,9,0.0,15,67,16,65,2,29.0C,32.40151590276071,80,0,64.0,15.0,43.0
2026-05-10,5,small, rural,58.0,30,16,104,7,2.0,16,85,22,66,2,22.0C,24.94839721103965,119,1,91.0,16.0,54.0
2025-08-22,4,small,rural,48.0,37,9,167,13,14.0,21,44,16,38,4,36.0,32.79103836636964,181,0,92.0,16.0,44.0
2025-06-20,1,medium, rural,56.0,40,16,146,16,8.0,17,95,16,28,1,27.0,37.37603183732524,187,1,115.0,20.0,72.0
2025-01-22,5,medium,Urban,41.0,40,22,115,22,2.0,7,102,11,75,2,20.0,41.71623978746993,65,0,77.0,23.0,46.0
2025-04-06,3,small,urban,53.0,25,14,135,11,2.0,12,91,6,78,1,21.0C,18.0029950965363,52,1,48.0,24.0,52.0
2026-04-23,1,small,rural,41.0,48,7,172,21,14.0,19,119,17,30,9,22.0,2.4930073199582123,152,0,75.0,11.0,61.0
2025-11-06,5,small,urban,55.0,42,13,53,12,11.0,14,45,15,72,3,nan,31.484179762960142,55,0,109.0,13.0,30.0
2025-09-11,3,small,urban,32.0,49,5,111,17,,15,103,12,40,7,23.0,5.351456710551905,116,1,100.0,24.0,77.0
2026-02-07,1,small,urban,22.0,17,12,192,24,13.0,11,71,14,35,7,36.0,27.14702222446639,126,1,109.0,9.0,71.0
2025-03-18,1,small,rural,,28,23,191,24,,8,55,6,64,2,nanC,6.41749633073474,176,0,41.0,14.0,63.0
2025-08-30,1,small,rural,42.0,29,21,142,9,7.0,20,98,23,38,1,27.0C,44.54869423453519,112,1,41.0,23.0,52.0
2025-08-05,4,small,rural,34.0,16,14,176,19,9.0,6,60,24,43,7,nan,15.079343493677577,67,0,44.0,18.0,64.0
2025-11-02,4,small,urban,47.0,31,7,137,9,10.0,13,65,15,67,5,38.0C,18.91578035826297,142,1,86.0,21.0,65.0
2025-01-18,5,medium,Urban,49.0,30,11,140,19,5.0,11,64,24,79,8,37.0,40.39786640545095,173,1,116.0,19.0,76.0
2026-01-21,1,medium,rural,48.0,32,20,198,18,7.0,12,71,16,68,5,34.0,24.009175763094397,136,1,57.0,16.0,38.0
2025-05-25,4,medium,rural,42.0,22,22,121,7,6.0,12,107,6,62,4,37.0C,17.48071994038611,179,0,88.0,16.0,37.0
2025-12-30,5,medium,urban,20.0,30,5,188,23,4.0,20,112,23,37,2,37.0,0.3731570208609702,95,1,84.0,8.0,30.0
2026-01-18,1,medium,rural,45.0,34,14,103,23,11.0,19,43,8,54,7,39.0,31.3401315032422,84,0,62.0,15.0,74.0
2026-04-02,5,small,Urban,27.0,29,12,182,8,13.0,27,99,16,27,6,32.0,31.127349523114084,172,0,116.0,19.0,75.0
2026-04-21,5,MEDIUM,rural,34.0,19,10,110,24,6.0,12,47,13,60,9,34.0,14.457516722707547,145,1,108.0,18.0,78.0
2025-10-20,1,medium,rural,48.0,38,23,162,8,0.0,15,54,8,37,4,36.0,33.14298938173329,79,1,93.0,16.0,66.0
2025-05-10,5,small,rural,35.0,28,12,100,21,,7,88,8,59,8,31.0C,27.323818051268823,102,1,50.0,6.0,40.0
2025-07-06,5,medium,urban,53.0,20,14,70,8,4.0,28,106,24,72,4,23.0,37.948841592701534,195,1,97.0,12.0,47.0
2026-02-17,5,Small ,RURAL ,24.0,26,16,130,10,8.0,9,99,24,53,7,32.0C,46.329269160919054,192,0,115.0,11.0,55.0
2025-02-11,1,MEDIUM,urban,53.0,17,10,148,16,13.0,5,88,17,43,3,24.0C,5.335590955117714,53,1,98.0,14.0,67.0
2025-07-05,4,medium,urban,54.0,33,7,137,17,9.0,10,44,17,73,2,31.0,7.212001055905176,198,0,106.0,24.0,72.0
2026-01-17,5,medium,urban,42.0,35,6,60,20,3.0,21,95,13,74,5,35.0C,10.21282339681982,61,1,43.0,8.0,54.0
2026-05-11,1,medium,urban,21.0,47,16,76,12,2.0,10,91,16,54,4,nanC,3.610659266759397,197,1,58.0,21.0,71.0
2025-01-06,2,small,rural,20.0,20,9,131,21,12.0,26,107,6,25,2,39.0C,15.511764187235238,196,1,98.0,20.0,66.0
2026-01-02,4,medium,Urban,37.0,26,15,131,11,0.0,11,47,24,39,2,28.0,22.134685098371797,162,0,110.0,15.0,24.0
2025-12-08,4,Small ,urban,49.0,46,24,102,5,8.0,17,109,14,74,3,32.0C,20.869147090023667,89,1,97.0,14.0,50.0
2025-07-14,4,medium, rural,58.0,38,20,188,16,5.0,9,83,23,69,6,31.0C,29.68423099543666,149,0,65.0,18.0,60.0
2026-04-18,2,small,rural,36.0,37,17,191,10,11.0,22,56,17,26,1,21.0C,10.04556698427612,128,0,102.0,7.0,63.0
2026-03-29,5,medium,urban,27.0,35,12,192,10,13.0,28,86,14,28,6,35.0C,7.983317468357537,155,0,87.0,19.0,64.0
2025-11-14,2,small,RURAL ,51.0,39,7,79,17,10.0,12,117,8,32,3,25.0C,6.018907475276691,66,1,52.0,18.0,31.0
2025-11-26,2,small,urban,21.0,46,15,126,7,1.0,20,71,23,79,9,31.0,18.07700938814783,116,1,87.0,10.0,42.0
2025-03-29,1,small, rural,41.0,42,23,127,7,12.0,19,112,7,73,7,35.0,21.34473639116513,90,0,91.0,16.0,38.0
2026-01-14,2,medium,urban,34.0,34,9,140,17,3.0,24,62,18,34,6,21.0,33.46341458754175,167,0,108.0,20.0,44.0
2026-02-26,4,medium,rural,31.0,30,15,118,8,4.0,28,86,10,44,3,37.0C,5.474118303449699,126,0,69.0,9.0,74.0
2025-10-01,4,small,rural,24.0,21,13,72,22,0.0,28,118,10,34,4,29.0,12.857617555454793,74,1,61.0,6.0,23.0
2026-05-08,4,small,Urban,45.0,21,6,169,15,13.0,13,54,12,22,1,35.0,27.100764923986304,125,0,86.0,21.0,71.0
2025-12-01,4,medium,urban,59.0,47,22,71,21,11.0,16,56,10,40,4,36.0C,21.603364253330888,88,1,110.0,14.0,42.0
2025-01-31,3,small,rural,,39,15,96,21,,29,111,13,52,8,22.0,14.632754883370392,177,1,111.0,8.0,23.0
2026-04-07,2, medium,rural,50.0,42,8,153,19,2.0,29,66,7,78,8,nan,20.01783134199153,68,0,66.0,12.0,22.0
2025-04-26,5,medium,urban,38.0,29,8,57,12,9.0,17,101,6,35,6,30.0,21.065044081668237,74,1,50.0,16.0,47.0
2025-12-29,4,small,rural,29.0,45,11,147,16,5.0,27,70,12,54,8,23.0,25.900767445425988,106,0,112.0,23.0,37.0
2025-03-10,4, medium,rural,,35,5,77,9,13.0,6,111,16,38,4,23.0,36.26631953679391,83,1,47.0,21.0,54.0
2026-01-03,3,small,urban,33.0,31,13,153,19,9.0,20,110,15,24,6,33.0,36.61096031561112,188,1,96.0,18.0,38.0
2025-07-18,5,small,rural,29.0,29,8,94,9,8.0,7,89,24,76,6,24.0,20.27358381652092,192,0,51.0,7.0,57.0
2026-03-31,4,medium,urban,,18,5,190,5,5.0,16,81,7,20,6,31.0C,30.814537417707232,162,1,115.0,10.0,48.0
2025-07-23,1,small,Urban,24.0,35,18,121,13,12.0,22,40,6,33,6,32.0C,28.229704064516078,164,1,105.0,17.0,21.0
2025-05-19,2,medium,Urban,45.0,34,7,125,6,7.0,14,58,14,62,3,21.0C,42.0174088794254,64,0,95.0,18.0,62.0
2025-05-06,4,small,urban,40.0,49,21,101,8,0.0,10,76,11,74,8,37.0,2.438315940657021,121,0,103.0,6.0,41.0
2025-09-13,3,medium, rural,28.0,30,24,176,16,6.0,7,93,12,25,1,29.0,45.50980620723482,160,1,112.0,14.0,51.0
2025-12-03,1,medium,rural,53.0,18,11,118,17,1.0,26,89,11,48,9,34.0,29.77074008100542,95,0,104.0,21.0,33.0
2025-12-04,4,small,urban,43.0,27,10,98,24,,24,104,21,33,7,28.0C,44.32977207511992,87,1,71.0,22.0,45.0
2026-04-27,4,medium,rural,29.0,25,6,194,19,5.0,27,115,10,69,2,nanC,32.25750416504517,165,1,69.0,6.0,55.0
2025-12-14,1,small,rural,34.0,36,18,158,14,10.0,6,79,24,63,8,20.0,10.575337464088404,159,0,98.0,5.0,74.0
2025-07-28,4,medium,urban,49.0,46,23,152,14,3.0,18,88,24,72,1,23.0,5.173753182329232,137,0,101.0,16.0,54.0
2025-02-25,1,small,urban,,18,22,79,23,11.0,6,59,6,29,9,28.0C,41.748689284148114,142,0,116.0,21.0,74.0
2025-01-07,3,small,urban,24.0,23,24,107,14,2.0,5,98,20,66,6,36.0,9.088179888059711,189,1,101.0,22.0,24.0
2026-05-12,3,small,urban,57.0,18,13,167,18,9.0,23,58,21,71,3,24.0C,34.221768053465375,182,0,116.0,18.0,33.0
2025-02-03,1,small, rural,,43,6,70,22,1.0,25,96,22,76,1,21.0C,34.58217009866591,85,1,45.0,9.0,53.0
2025-07-19,4,small,urban,49.0,15,14,50,24,12.0,19,51,7,57,5,34.0,49.20447319832571,130,0,43.0,9.0,25.0
2025-12-17,2,medium,rural,48.0,37,9,176,13,3.0,15,55,16,64,4,26.0,25.30223462059183,58,1,101.0,6.0,21.0
2026-04-16,2,small,urban,41.0,43,5,121,13,8.0,29,52,12,35,7,32.0,41.27674207602078,125,1,82.0,20.0,57.0
2026-03-14,3,small,rural,22.0,39,18,96,21,12.0,22,84,11,67,4,39.0,34.23625819405023,111,0,46.0,23.0,40.0
2025-08-19,2,small,urban,23.0,48,8,59,9,,19,114,7,48,7,38.0,46.18656979383881,155,1,100.0,7.0,38.0
2025-02-26,4,MEDIUM,urban,42.0,42,12,127,21,13.0,13,116,21,74,5,33.0,35.51757503561661,69,1,93.0,20.0,64.0
2025-06-09,3,small,urban,58.0,41,22,84,16,14.0,23,87,7,66,7,29.0,48.13662919305696,191,0,79.0,17.0,59.0
2025-02-17,5,small, rural,40.0,47,21,169,6,2.0,16,80,23,24,2,nanC,5.6198513588006485,63,1,70.0,14.0,44.0
2026-01-27,5,small,rural,34.0,48,10,119,5,,25,45,17,38,6,31.0,35.9349632986398,107,0,102.0,10.0,68.0
2025-04-14,2,small,urban,20.0,26,6,60,20,14.0,21,71,13,45,2,33.0,6.262561554810397,191,0,54.0,14.0,54.0
2025-08-18,4,medium,urban,26.0,19,11,124,22,14.0,7,111,5,53,2,25.0,8.342428910278882,185,0,114.0,7.0,48.0
2026-02-16,2,small,rural,38.0,36,12,165,11,,19,48,6,29,1,nanC,20.31661154818839,77,1,99.0,24.0,53.0
2025-09-03,3,small,urban,54.0,36,16,89,18,8.0,10,90,15,63,9,23.0C,8.180810206913813,176,0,69.0,17.0,59.0
2025-03-20,4,small,urban,30.0,16,21,110,23,5.0,24,56,8,43,1,32.0C,49.12412903006239,129,1,69.0,16.0,60.0
2025-12-26,5,medium,urban,31.0,19,22,174,15,,21,63,22,25,4,27.0,0.9986466289014062,190,0,54.0,13.0,22.0
2026-01-01,5,small,rural,45.0,30,6,148,17,4.0,15,105,22,73,3,28.0,35.90340806004304,59,1,47.0,24.0,39.0
2025-02-01,4,medium,rural,28.0,33,24,87,19,11.0,7,111,8,23,6,27.0,27.27139751058565,126,0,101.0,22.0,65.0
2025-04-08,2,medium,urban,45.0,17,19,176,17,12.0,8,93,10,38,2,21.0,17.76419871184613,104,1,40.0,14.0,47.0
2025-10-17,4,small,rural,,40,14,175,17,2.0,10,53,11,24,1,32.0C,49.96751502361001,172,1,111.0,15.0,39.0
2026-03-09,4,small,urban,46.0,32,12,175,19,8.0,17,87,16,30,5,nan,16.54573828900976,164,1,49.0,10.0,57.0
2025-09-06,4,small,urban,43.0,28,23,61,17,1.0,22,115,24,37,2,32.0C,48.997772367913925,102,0,78.0,19.0,53.0
2025-06-30,1,medium,urban,32.0,45,9,137,13,3.0,19,59,13,32,9,nan,8.794514170933104,127,1,103.0,19.0,68.0
2026-02-15,2,medium,rural,25.0,29,7,121,11,,24,42,19,46,3,37.0,8.228302921466746,163,0,48.0,6.0,29.0
2025-04-29,1,small,urban,29.0,28,6,125,22,13.0,21,56,13,54,4,34.0,12.158999013211297,131,0,71.0,16.0,79.0
2026-02-19,1,small,rural,20.0,49,14,162,7,2.0,7,53,16,44,2,21.0,20.94618123964593,69,0,57.0,22.0,25.0
2025-04-09,2,medium,urban,21.0,28,20,65,22,7.0,24,40,14,47,6,32.0C,34.125586505810006,50,1,83.0,14.0,78.0
2026-02-06,5,medium,rural,46.0,25,19,124,21,3.0,22,44,5,47,7,31.0,31.577218933808016,147,1,71.0,14.0,35.0
2025-09-18,2,medium,urban,30.0,18,5,156,17,0.0,23,70,17,58,9,33.0,15.518544455406005,153,0,91.0,13.0,50.0
2025-04-17,3,small,rural,44.0,19,7,198,10,8.0,28,117,9,54,3,25.0,29.884116776172952,80,1,96.0,20.0,59.0
2025-07-01,3, medium,urban,37.0,25,7,86,15,0.0,19,103,19,68,7,32.0,11.76916309491788,58,1,49.0,16.0,42.0
2025-12-07,1,medium,urban,38.0,41,15,135,8,9.0,28,52,13,24,4,nan,31.50093403094137,141,1,109.0,14.0,74.0
2026-01-26,1,medium,urban,58.0,26,12,61,9,12.0,11,113,5,49,3,24.0,22.556503489892076,124,1,45.0,17.0,38.0
2025-12-05,5,medium,urban,54.0,16,19,190,24,5.0,10,71,22,45,1,34.0,20.54712761750549,185,1,75.0,21.0,70.0
2025-06-01,1, medium,urban,26.0,40,16,76,8,10.0,16,97,20,58,1,21.0,37.08420644959116,139,0,71.0,8.0,42.0
2025-01-23,4,small,urban,43.0,17,17,96,16,2.0,11,77,23,46,9,31.0,28.867670060983382,165,1,92.0,23.0,51.0
2026-02-20,5,small,urban,57.0,44,24,145,23,12.0,9,57,22,25,5,31.0C,25.863608487715528,189,0,112.0,7.0,43.0
2025-09-16,2,small, rural,56.0,16,15,77,20,14.0,25,95,23,67,5,26.0,21.507136604841318,173,0,73.0,15.0,62.0
2025-11-01,3,medium,rural,59.0,35,22,169,8,5.0,27,73,8,22,2,23.0,40.79778947076033,51,1,65.0,15.0,67.0
2026-01-09,3,medium,urban,26.0,30,18,194,14,12.0,27,108,8,66,5,nan,31.40152322847685,102,1,78.0,9.0,35.0
2025-04-11,4,small,rural,28.0,24,12,162,17,12.0,15,114,12,71,5,29.0,35.76611552645678,94,0,119.0,5.0,68.0
2025-10-07,3,medium,rural,27.0,42,7,149,16,1.0,9,86,24,45,5,25.0C,41.15017872234674,88,0,56.0,10.0,23.0
2025-02-24,3,MEDIUM,rural,57.0,34,14,196,17,0.0,23,88,6,21,7,32.0,30.518802989084605,191,1,59.0,6.0,29.0
2026-04-24,5,small, rural,47.0,24,5,151,21,5.0,14,75,11,61,4,nan,7.495462662356983,195,1,67.0,19.0,72.0
2025-06-12,5,small,RURAL ,58.0,18,16,190,13,4.0,21,115,9,61,2,nan,5.282517272446535,188,0,111.0,8.0,26.0
2025-01-12,3,small,rural,,22,9,66,24,7.0,20,99,23,32,7,34.0,6.664212904108657,125,1,53.0,6.0,62.0
2025-06-18,1,small,urban,53.0,28,23,197,11,10.0,7,48,18,25,6,21.0,41.72291264280483,74,1,55.0,10.0,46.0
2025-03-22,5,medium,urban,30.0,28,24,58,9,10.0,21,52,23,20,1,23.0,21.95653304024253,65,1,52.0,15.0,70.0
2025-08-09,2,medium,urban,56.0,40,12,162,21,9.0,26,107,19,55,3,24.0,7.193398317166489,156,1,57.0,5.0,44.0
2025-02-09,2,small,urban,45.0,36,13,88,10,7.0,28,98,16,25,5,31.0C,26.40946308781781,195,0,115.0,6.0,35.0
2025-04-04,3,MEDIUM,RURAL ,,37,9,174,16,13.0,26,72,21,47,8,22.0C,3.302765391108004,141,1,96.0,20.0,79.0
2025-05-24,4,small,rural,36.0,15,19,50,7,10.0,12,76,18,32,6,32.0,16.33694452843168,157,0,107.0,6.0,62.0
2025-05-11,3,medium,rural,25.0,26,18,87,14,10.0,25,50,6,40,6,21.0,4.567662136177791,141,0,88.0,18.0,44.0
2025-06-15,2,small,urban,50.0,33,9,162,10,2.0,19,43,23,67,1,28.0C,30.91425105068599,127,1,77.0,18.0,39.0
2025-11-10,1,Small ,Urban,24.0,24,8,55,9,4.0,11,57,15,61,8,23.0,41.04245046315644,50,0,43.0,19.0,32.0
2025-09-01,3,small,urban,54.0,35,23,193,10,0.0,7,104,10,53,3,30.0C,41.61955208509539,86,1,99.0,17.0,35.0
2026-04-08,5,small,rural,57.0,27,10,72,11,13.0,27,66,12,22,3,36.0C,47.35764680031774,169,1,118.0,12.0,73.0
2025-06-04,3,medium,RURAL ,42.0,32,17,155,24,3.0,20,97,17,64,9,26.0C,17.624052347167556,172,1,95.0,8.0,63.0
2025-07-17,1,small,rural,35.0,35,24,95,13,,25,73,17,30,1,35.0,22.398582819109496,51,0,89.0,24.0,76.0
2025-09-10,4,Small ,Urban,57.0,42,21,150,16,6.0,19,102,23,25,9,36.0,39.927791906529954,56,0,103.0,12.0,40.0
2025-01-03,3,medium,rural,,17,10,83,17,3.0,6,55,24,76,4,27.0,2.5582753222737957,100,1,94.0,10.0,42.0
2026-04-29,5,medium,rural,51.0,29,7,173,5,13.0,17,62,13,56,4,26.0,48.01833873110651,193,1,55.0,21.0,60.0
2026-04-04,2,small,urban,37.0,26,20,176,13,,5,43,10,73,3,33.0C,18.436257773542295,69,1,41.0,17.0,23.0
2026-03-22,4,medium,Urban,39.0,17,11,184,14,7.0,15,114,14,70,4,25.0C,48.2804915690442,140,1,55.0,11.0,39.0
2025-12-25,1,medium,rural,36.0,36,5,73,9,1.0,12,47,11,74,4,31.0C,0.4309501295890139,170,0,63.0,22.0,25.0
2025-04-28,3,Small ,urban,36.0,34,12,136,8,11.0,24,82,12,67,1,25.0,43.8560233831144,165,0,56.0,13.0,54.0
2025-08-26,4,Small ,urban,,30,6,52,10,8.0,25,95,24,70,2,28.0,31.43670075299965,147,0,98.0,13.0,28.0
2025-11-17,2,medium,rural,50.0,21,20,86,13,12.0,26,83,7,29,4,23.0,24.837171400299223,106,0,54.0,21.0,79.0
2026-01-25,2,medium,urban,32.0,30,19,95,7,4.0,24,112,11,26,9,29.0C,40.04090499298752,71,0,113.0,5.0,49.0
2025-01-10,5,small,urban,,26,18,177,12,0.0,19,45,8,44,2,23.0,12.905382158670736,164,1,116.0,17.0,37.0
2025-07-24,4,medium,rural,20.0,33,6,158,21,3.0,20,105,17,21,1,nan,12.616137213187262,137,1,69.0,9.0,59.0
2025-03-16,5,small,rural,55.0,44,5,170,19,13.0,29,67,14,33,6,32.0,32.31549668286907,140,1,100.0,11.0,73.0
2025-02-20,4,small,rural,53.0,44,5,191,8,3.0,13,43,23,73,7,24.0,6.783073358018887,70,1,52.0,6.0,37.0
2025-11-25,2,medium, rural,58.0,40,8,78,24,3.0,22,74,18,75,1,38.0C,3.5348304092183094,74,1,71.0,23.0,79.0
2025-07-21,3,Small ,urban,58.0,21,21,68,15,0.0,28,87,13,64,3,37.0,14.740861917338345,191,1,94.0,10.0,30.0
2025-04-15,1,small,urban,,44,19,113,13,9.0,13,54,14,54,7,nanC,32.77549859230563,95,1,51.0,19.0,53.0
2025-01-29,4,small,urban,36.0,26,7,116,13,3.0,21,61,19,39,9,32.0,4.07236064455796,96,0,77.0,24.0,47.0
2026-04-12,2,medium,urban,52.0,32,16,53,11,11.0,6,102,8,26,8,22.0C,44.8766163261042,154,1,85.0,23.0,46.0
2026-01-19,4,small,urban,53.0,20,6,96,20,11.0,27,62,15,74,5,25.0,17.93712552714443,126,0,45.0,6.0,33.0
2025-06-16,4,Small ,urban,43.0,45,5,185,11,5.0,7,77,18,39,4,23.0,39.07310443773546,124,0,66.0,11.0,46.0
2025-10-14,4,medium,rural,47.0,22,17,197,6,12.0,21,84,12,71,4,35.0,45.47822136901506,117,0,45.0,24.0,24.0
2026-04-13,3,MEDIUM,urban,57.0,43,15,151,21,2.0,13,85,23,46,6,36.0,45.38806218250893,149,1,102.0,7.0,20.0
2025-08-31,1,small,rural,28.0,18,18,180,10,,25,41,23,52,3,25.0,28.4748629259288,75,0,104.0,10.0,53.0
2025-05-02,4,small, rural,43.0,34,6,64,16,1.0,23,62,14,65,2,38.0,5.093938206977827,86,1,95.0,6.0,27.0
2025-11-27,3,small,urban,51.0,47,24,108,7,11.0,5,87,10,42,6,37.0C,26.739973314059625,95,0,83.0,14.0,58.0
2026-03-26,2,medium,urban,41.0,27,7,74,24,5.0,14,55,19,41,9,23.0C,34.012534416518704,161,0,45.0,7.0,78.0
2025-04-23,5,medium,Urban,57.0,42,13,117,17,0.0,13,51,13,79,2,24.0,33.53825127215179,73,1,104.0,20.0,73.0
2026-03-07,2,medium,urban,27.0,16,8,91,18,14.0,21,64,6,47,2,26.0,44.623454697600586,92,1,117.0,6.0,22.0
2025-10-05,3,small, rural,34.0,35,14,106,10,6.0,27,47,10,64,2,nan,31.33766742711656,74,1,101.0,18.0,28.0
2026-05-02,1,MEDIUM, rural,52.0,33,10,115,19,7.0,12,113,16,36,7,32.0C,0.700725876302849,145,0,110.0,5.0,54.0
2025-08-27,5,small,rural,25.0,29,22,133,6,10.0,23,98,13,28,4,36.0C,13.305068426865429,79,0,108.0,11.0,20.0
2025-11-12,2,medium,urban,42.0,28,14,174,16,1.0,5,56,23,55,1,32.0C,3.503434786059473,89,0,53.0,5.0,75.0
2025-03-23,1,small,rural,55.0,39,12,113,14,1.0,17,52,15,70,8,27.0,1.997398664304717,65,1,82.0,12.0,62.0
2025-10-09,5,small,rural,45.0,40,15,83,6,14.0,25,56,21,36,2,39.0C,32.61405564092231,128,1,52.0,14.0,35.0
2026-02-09,4, medium, rural,47.0,40,24,141,9,0.0,6,74,16,38,7,26.0,18.79106095039705,85,1,61.0,11.0,61.0
2025-05-26,4,small,rural,45.0,43,17,136,19,6.0,29,88,16,37,3,nan,29.8173248748388,133,1,82.0,10.0,42.0
2025-06-24,4,medium,rural,58.0,23,12,111,8,10.0,8,64,18,50,5,35.0C,15.708103191848604,198,0,73.0,11.0,40.0
2026-03-03,1,small,rural,27.0,35,16,142,22,6.0,12,113,8,30,8,22.0,35.87806913242679,156,1,117.0,22.0,45.0
2026-04-30,1,medium,urban,52.0,23,13,193,21,11.0,21,55,21,60,8,32.0C,2.2294046367072,185,1,53.0,9.0,78.0
2026-01-07,4, medium,urban,54.0,34,6,77,18,6.0,20,113,7,79,4,37.0,10.538154971495311,167,0,57.0,19.0,38.0
2025-12-15,2,medium,rural,49.0,20,9,100,15,,8,98,5,74,2,29.0C,36.80177002130328,101,0,119.0,5.0,36.0
2025-11-18,2,medium,urban,37.0,35,20,173,6,9.0,22,54,21,79,5,28.0C,42.14727412280986,91,0,58.0,7.0,75.0
2026-03-21,5,medium,urban,36.0,30,6,79,15,6.0,27,93,14,27,7,38.0,43.96965284035977,101,1,114.0,14.0,70.0
2025-09-07,3,small,rural,22.0,18,20,114,7,3.0,21,78,19,53,4,33.0,49.280036697640014,181,1,116.0,17.0,44.0
2025-04-13,4,medium, rural,36.0,24,13,84,6,1.0,6,48,17,56,1,35.0C,15.783424058203298,170,0,71.0,13.0,45.0
2025-10-27,1,MEDIUM,urban,52.0,47,8,80,22,13.0,27,45,9,64,7,39.0,48.21766170179932,55,0,108.0,18.0,29.0
2025-08-28,5,Small ,urban,24.0,39,23,166,19,9.0,26,108,11,20,5,nan,1.9503210381409064,121,1,112.0,8.0,61.0
2025-11-15,2,small,rural,49.0,16,18,171,14,,16,52,18,31,8,24.0,29.03842918072108,175,1,46.0,18.0,56.0
2026-04-09,2,medium,urban,51.0,45,18,58,10,9.0,14,118,12,73,8,23.0,20.32313589760361,185,1,111.0,24.0,64.0
2025-11-22,1,MEDIUM,rural,32.0,38,16,183,21,5.0,18,74,24,26,8,24.0,8.698185295166933,136,0,58.0,17.0,21.0
2025-01-19,1,MEDIUM,urban,28.0,18,9,82,8,7.0,17,116,19,76,4,24.0,38.38823088571689,102,1,71.0,8.0,47.0
2025-04-18,4,small,rural,58.0,34,21,118,15,,19,96,20,59,2,23.0,43.48479424258169,108,0,47.0,17.0,35.0
2025-06-17,3,small,rural,54.0,30,7,92,5,14.0,10,66,11,46,5,26.0C,35.16386138662258,88,0,48.0,18.0,25.0
2026-04-25,5,small, rural,39.0,39,8,65,16,14.0,19,67,19,72,9,nan,26.87905690257572,55,1,86.0,11.0,52.0
2025-02-14,2,small,rural,30.0,49,17,183,15,2.0,20,108,14,49,1,35.0,41.40929346617265,104,1,101.0,11.0,64.0
2026-03-17,1, medium,rural,44.0,47,14,57,14,,28,103,13,75,5,24.0C,14.064228177651705,168,1,41.0,17.0,58.0
2026-01-13,2,medium,rural,25.0,19,14,113,24,2.0,23,84,20,23,3,31.0,43.35058034553002,105,1,62.0,18.0,34.0
2025-12-12,2,Small ,RURAL ,53.0,17,14,91,24,6.0,21,118,22,69,1,36.0C,43.67671321226073,176,0,107.0,10.0,39.0
2026-01-08,2,small,urban,31.0,17,10,54,8,2.0,25,57,19,38,6,24.0,11.836023792691648,88,1,108.0,8.0,66.0
2025-10-24,5,small,rural,59.0,32,21,185,11,13.0,26,70,16,32,8,26.0,39.75551412633623,154,0,74.0,15.0,23.0
2026-04-03,3,small,urban,40.0,18,9,177,21,0.0,21,116,19,75,1,23.0,15.445886142188304,163,1,43.0,10.0,73.0
2025-10-19,1,medium,rural,51.0,18,18,98,12,5.0,18,100,11,34,1,28.0C,13.25853705916778,132,1,54.0,8.0,37.0
2026-02-01,5,small,urban,21.0,35,11,157,6,12.0,14,56,23,73,9,nan,12.290929351128732,177,1,43.0,9.0,59.0
2025-02-28,4,medium, rural,40.0,38,6,162,20,10.0,19,75,20,69,4,34.0C,36.79602031869744,152,0,40.0,18.0,66.0
2025-10-04,5,small,rural,43.0,36,24,97,22,13.0,6,119,23,28,5,27.0C,18.76606728865069,157,1,47.0,10.0,64.0
2025-01-17,4,small,urban,57.0,34,14,64,24,10.0,21,111,24,78,8,38.0,38.79386272348465,180,0,64.0,24.0,79.0
2026-01-23,2,small,rural,36.0,46,11,54,8,6.0,25,54,8,57,5,26.0,28.292589370533594,129,0,79.0,22.0,55.0
2025-02-06,3,small,RURAL ,28.0,20,22,95,22,2.0,29,71,15,22,8,37.0C,5.215654367594108,123,0,49.0,9.0,45.0
2026-02-04,2,medium,urban,41.0,23,18,119,7,6.0,15,107,9,27,8,29.0,47.613200726668616,111,0,80.0,14.0,37.0
2025-08-21,4,medium,urban,39.0,29,7,100,24,14.0,17,103,9,42,1,20.0,17.703228117754705,102,1,44.0,16.0,38.0
2025-04-16,5,medium,rural,59.0,15,22,99,13,8.0,6,51,19,53,6,29.0,1.9898563667826277,171,0,117.0,9.0,54.0
2025-07-11,5,small,urban,51.0,33,11,190,6,4.0,5,74,5,21,1,36.0,11.643957307590751,55,1,115.0,7.0,44.0
2025-09-02,3,small,urban,39.0,27,17,143,22,10.0,26,99,17,35,8,38.0,49.581217148061405,56,0,90.0,15.0,63.0
2025-10-22,4,medium,rural,59.0,24,9,113,5,7.0,22,66,10,21,4,38.0,45.7907174095372,52,1,52.0,18.0,48.0
2025-03-31,3,small,rural,52.0,49,23,117,20,5.0,14,113,7,37,6,28.0,46.4277766447068,76,1,92.0,14.0,31.0
2025-02-12,4,small,urban,42.0,42,14,126,15,7.0,29,98,14,67,5,26.0,32.47780033784809,139,1,70.0,13.0,58.0
2025-11-11,2,small,rural,50.0,23,16,108,7,,8,43,19,32,3,27.0,14.07386512254597,82,1,56.0,23.0,55.0
2026-03-12,4,small, rural,48.0,32,19,79,20,4.0,26,50,20,70,4,26.0C,19.469488983343677,120,0,60.0,18.0,45.0
2026-04-06,1,medium,Urban,,46,9,84,12,9.0,14,98,23,54,6,nan,40.54675963363053,194,1,66.0,7.0,78.0
2025-02-18,2,small,urban,55.0,21,13,95,16,2.0,23,70,14,44,4,24.0,2.465449355491234,128,0,61.0,7.0,39.0
2025-07-08,1,medium,urban,32.0,32,15,108,7,10.0,9,66,18,36,3,36.0,45.58925561908857,130,1,119.0,19.0,47.0
2025-05-21,1,small,urban,,30,21,135,8,5.0,15,67,18,42,9,33.0C,2.4502322485636774,78,0,105.0,9.0,51.0
2025-06-26,3,medium, rural,23.0,39,20,156,11,10.0,26,106,18,45,8,30.0C,1.6711786217751878,99,1,63.0,19.0,59.0
2025-08-25,1,small,urban,45.0,37,8,77,22,,15,76,17,73,7,36.0,34.13355762313797,98,0,95.0,24.0,70.0
2025-10-18,3,medium,rural,59.0,41,7,188,14,9.0,29,111,15,39,9,36.0C,10.571562899945558,187,1,100.0,11.0,34.0
2026-01-29,1,small,urban,48.0,47,7,164,19,3.0,16,106,10,44,5,29.0,24.618352435062445,152,1,50.0,16.0,35.0
2025-08-29,3,medium,rural,24.0,25,23,51,18,2.0,15,112,8,61,1,39.0,22.77833909950544,152,0,98.0,23.0,38.0
2025-04-19,3,MEDIUM,urban,54.0,22,8,97,5,9.0,20,47,17,35,4,20.0,44.54160741448168,78,1,111.0,24.0,57.0
2025-12-18,2,small,urban,41.0,16,7,70,9,11.0,12,101,6,21,8,37.0,8.125553264872815,82,0,43.0,8.0,44.0
2025-05-16,3,medium,urban,31.0,43,23,77,17,2.0,26,67,9,42,1,37.0,9.212432578633711,136,1,56.0,24.0,70.0
2025-10-10,1,small,urban,37.0,23,21,56,21,2.0,16,52,14,35,7,39.0,20.259857128766484,129,1,56.0,5.0,34.0
2025-08-06,4,small,urban,43.0,23,7,131,15,5.0,12,44,18,64,6,23.0,9.41512624585532,93,0,109.0,7.0,54.0
2025-12-24,5,small,urban,46.0,22,13,141,8,5.0,12,42,5,61,2,37.0,7.193807769489008,164,0,47.0,11.0,74.0
2026-01-06,2,small,urban,,22,21,57,9,1.0,28,69,20,78,2,22.0C,29.42156202267261,60,1,113.0,7.0,79.0
2025-03-02,2,medium,urban,50.0,48,12,137,23,10.0,15,54,11,31,9,26.0,31.95539234973532,82,0,116.0,15.0,66.0
2026-03-28,4,medium,rural,43.0,22,15,50,9,1.0,18,96,23,26,6,27.0C,7.330415018000158,185,0,86.0,14.0,28.0
2025-06-02,1,medium,rural,28.0,24,15,185,10,8.0,15,71,8,42,6,29.0,33.76154187810187,164,0,99.0,5.0,46.0
2025-08-02,2,Small ,urban,20.0,22,19,131,12,8.0,17,118,15,37,2,32.0,22.644168020775584,96,0,85.0,20.0,68.0
2025-09-19,3,small,Urban,,40,21,195,22,8.0,29,91,13,50,8,39.0,38.10648102251623,116,0,115.0,24.0,61.0
2025-03-28,1, medium, rural,43.0,39,19,102,13,0.0,26,54,17,75,9,24.0,2.7550767579415547,81,1,112.0,7.0,73.0
2025-03-13,5,small,urban,47.0,49,17,122,15,7.0,10,98,15,72,6,24.0,48.78009595783262,137,0,52.0,5.0,45.0
2025-09-14,1,MEDIUM,urban,23.0,44,21,72,5,14.0,20,112,14,51,9,25.0,19.14166973842176,197,1,97.0,20.0,60.0
2025-06-11,1,small,urban,37.0,39,23,105,19,13.0,22,102,20,70,9,36.0,9.205066168047848,186,0,115.0,9.0,61.0
2025-07-13,2,medium,rural,54.0,15,13,196,19,7.0,5,92,21,77,6,23.0C,34.171470757863524,189,0,83.0,23.0,69.0
2026-04-19,5,small,urban,31.0,33,6,83,10,,23,102,7,63,2,39.0,40.25596043773324,122,0,75.0,20.0,42.0
2025-12-16,5,medium,urban,56.0,16,22,134,13,7.0,26,119,5,36,5,34.0C,16.000805654369586,167,0,55.0,16.0,64.0
2025-09-17,2,small,rural,53.0,27,17,70,15,14.0,14,73,15,62,6,nan,21.888252749406423,188,1,70.0,17.0,58.0
2025-01-28,2,Small , rural,51.0,37,21,177,15,8.0,21,119,19,51,7,nan,31.94815109866423,161,1,61.0,19.0,39.0
2025-11-07,1,small,rural,46.0,21,18,156,6,11.0,26,109,13,30,1,26.0C,20.80804732030789,176,0,98.0,17.0,54.0
2025-05-12,5, medium,rural,27.0,34,22,69,16,2.0,8,88,18,44,8,23.0,37.83232746761994,148,0,60.0,6.0,60.0
2025-06-28,5,medium,Urban,41.0,23,5,175,19,1.0,11,112,16,67,4,36.0C,8.325177352475755,118,0,65.0,21.0,64.0
2025-06-06,4,small,urban,37.0,40,6,158,19,,6,67,24,37,6,35.0,6.492850670894051,188,0,40.0,22.0,43.0
2025-12-28,4,Small ,rural,36.0,43,14,160,7,5.0,24,82,7,77,7,26.0,22.76974526239704,69,1,70.0,12.0,54.0
2026-03-16,1,small,urban,,39,22,163,14,3.0,28,103,21,73,2,38.0,11.949884010577566,86,1,103.0,13.0,75.0
2025-11-03,1,small,urban,52.0,36,5,116,14,8.0,29,86,21,65,3,36.0,4.419848357337919,150,1,44.0,11.0,28.0
2026-04-11,2,medium,urban,44.0,34,13,177,19,14.0,28,46,19,59,5,36.0,24.193863228212955,142,1,102.0,8.0,26.0
2025-08-20,1,Small ,rural,,29,18,191,24,11.0,20,100,7,38,9,27.0,41.07356263880954,167,0,103.0,9.0,42.0
2025-04-03,3,medium,urban,38.0,26,9,154,7,6.0,7,69,6,47,2,39.0C,26.26591322253607,186,1,72.0,21.0,47.0
2026-01-31,5,small,rural,51.0,16,21,97,8,8.0,21,82,12,66,5,31.0C,23.196813172744545,56,0,56.0,23.0,73.0
2025-01-26,3,medium,urban,49.0,32,17,50,22,10.0,25,67,10,28,6,37.0C,26.43536599420263,88,1,42.0,24.0,59.0
2026-03-10,3,Small ,urban,26.0,28,13,70,8,12.0,8,49,10,57,4,23.0,12.414373981542298,148,1,114.0,14.0,33.0
2025-01-15,4,medium,Urban,24.0,21,10,188,22,0.0,11,43,15,47,9,23.0C,35.38102928702676,71,1,78.0,8.0,37.0
2026-05-01,3,small,rural,21.0,37,24,151,7,7.0,13,53,9,78,7,28.0,7.153097636170119,138,0,113.0,16.0,36.0
2025-06-23,4,medium,rural,,20,19,134,15,8.0,17,53,17,76,5,27.0,32.02236369966264,135,0,64.0,18.0,50.0
2025-03-17,2,small,rural,45.0,37,17,68,13,1.0,12,100,11,73,1,36.0,32.36710671865456,193,1,55.0,6.0,64.0
2025-11-28,2,small, rural,32.0,17,22,175,21,10.0,27,83,14,58,8,36.0C,49.811224652231935,71,0,63.0,19.0,59.0
2026-04-22,4,Small ,rural,35.0,33,9,132,7,6.0,21,108,18,78,4,30.0C,47.613003918116185,138,1,119.0,17.0,30.0
2025-10-28,5,medium,rural,25.0,19,10,181,16,9.0,15,108,18,29,3,28.0,8.186447893958547,156,1,97.0,20.0,50.0
2025-01-08,3,small,rural,39.0,45,7,124,14,5.0,6,101,22,24,2,30.0C,25.206642095921914,97,1,52.0,9.0,62.0
2025-03-06,2,small,urban,53.0,20,17,132,14,0.0,12,97,8,66,5,35.0,13.956523538713483,68,0,111.0,11.0,76.0
2025-08-04,3,small,urban,28.0,24,24,117,8,,22,64,7,71,1,26.0,33.84100218150235,114,0,60.0,24.0,43.0
2026-01-05,5,small,urban,31.0,26,21,134,12,4.0,19,119,22,41,6,38.0,40.65710022408627,187,0,69.0,20.0,78.0
2025-11-20,1,medium,urban,21.0,17,17,84,5,10.0,21,102,20,28,7,38.0,35.42917728839126,186,1,74.0,18.0,71.0
2026-02-21,2,MEDIUM,rural,34.0,38,7,121,19,2.0,29,112,7,43,6,34.0,4.210650558854917,150,1,62.0,11.0,37.0
2025-06-21,1,medium,rural,59.0,42,19,139,20,,25,115,20,72,3,34.0,42.54263786610477,64,0,70.0,21.0,64.0
2025-12-23,4,medium, rural,23.0,44,16,178,13,13.0,24,70,8,47,1,36.0,38.11806068535864,55,1,42.0,5.0,61.0
2025-10-03,3,small,Urban,53.0,27,9,124,10,1.0,18,77,15,59,1,nanC,1.406075313896188,127,1,119.0,23.0,28.0
2025-10-31,5,medium,urban,35.0,47,11,118,14,12.0,9,62,24,27,1,21.0,13.585879944908983,160,0,73.0,8.0,22.0
2025-11-21,1,Small ,urban,33.0,25,10,136,11,11.0,18,74,18,71,4,33.0C,36.59363686432504,169,0,74.0,24.0,26.0
2025-05-29,2,small,rural,26.0,36,12,110,16,14.0,6,97,17,52,1,31.0,36.76142590507981,99,1,52.0,8.0,40.0
2026-01-12,4,medium,rural,52.0,42,5,196,22,2.0,7,82,11,60,7,39.0,12.91502145637961,178,1,84.0,20.0,23.0
2025-02-19,4,small,rural,57.0,26,13,87,8,1.0,26,61,7,39,5,nan,12.873960824623463,82,0,43.0,23.0,73.0
2025-03-05,2,medium,RURAL ,,48,21,199,5,5.0,29,63,15,69,9,34.0C,13.177573974838891,66,0,97.0,8.0,66.0
2025-09-24,4,small,rural,,45,19,79,20,7.0,14,79,23,71,8,34.0C,36.871572071356105,196,1,40.0,16.0,37.0
2026-03-11,4,small,urban,22.0,34,19,84,11,,9,114,14,33,5,29.0,49.40069810327108,96,1,50.0,20.0,70.0
2025-09-25,1,medium,rural,53.0,24,19,157,8,10.0,15,40,16,37,5,25.0,12.641870034514463,107,0,104.0,19.0,79.0
2025-06-07,5,small,urban,50.0,22,19,148,21,3.0,22,40,22,43,3,22.0,33.80978731782696,67,0,81.0,10.0,70.0
2026-03-06,4,small,rural,48.0,41,13,187,23,8.0,11,80,21,53,9,nanC,30.724973012759627,190,0,64.0,6.0,47.0
2025-03-03,4,small,RURAL ,25.0,16,21,63,9,11.0,25,116,15,66,5,27.0C,17.048098682149426,67,0,56.0,5.0,32.0
2025-01-16,2,small,urban,56.0,25,19,143,18,4.0,28,78,8,37,2,29.0C,5.310691379422811,152,1,111.0,24.0,78.0
2025-07-02,1,medium, rural,,18,5,98,12,2.0,8,49,16,42,7,34.0,24.718540552287905,170,0,106.0,6.0,39.0
2025-09-12,1,medium,urban,44.0,22,22,98,15,4.0,7,100,24,77,6,31.0,39.03496520858143,157,1,93.0,12.0,25.0
2025-05-07,5,Small , rural,36.0,20,12,142,15,,21,103,6,41,3,35.0,42.18643963551288,197,0,93.0,5.0,40.0
2026-02-08,5,medium,rural,36.0,37,19,131,17,9.0,16,109,9,71,6,23.0,6.469030848335045,168,1,74.0,16.0,38.0
2025-03-27,1,small,urban,53.0,31,24,191,11,3.0,17,79,15,42,1,31.0,22.96718277969782,66,0,54.0,17.0,75.0
2026-02-24,4,small,rural,44.0,20,24,87,10,8.0,12,86,22,25,2,37.0,14.270203423171123,63,1,108.0,16.0,48.0
2025-05-05,1, medium,rural,50.0,15,19,75,5,8.0,13,89,24,74,3,23.0C,38.00174509015869,113,1,76.0,11.0,74.0
2025-12-27,4,small,urban,41.0,27,8,190,23,0.0,24,54,13,22,3,21.0C,29.330086870228023,114,1,82.0,7.0,77.0
2025-01-02,5,medium,urban,55.0,25,8,70,13,6.0,22,57,24,55,8,33.0,25.937392355735472,50,0,55.0,24.0,76.0
2025-09-21,1,small,rural,48.0,44,8,168,16,4.0,23,40,23,29,8,25.0C,47.037542961723055,159,1,94.0,20.0,49.0
2025-03-09,2,medium,urban,29.0,32,16,68,17,,20,85,22,30,9,nanC,34.834449393659845,150,0,111.0,16.0,38.0
2025-07-15,3,small,urban,,21,17,126,8,3.0,26,65,18,60,9,39.0,37.74137291811656,61,0,86.0,12.0,25.0
2025-02-10,4,small,urban,48.0,46,24,186,9,6.0,28,115,6,35,6,21.0C,23.36304980037513,56,1,88.0,17.0,43.0
2025-08-10,1,medium,urban,56.0,22,11,125,19,,10,57,5,44,7,29.0,5.233022017324057,173,1,60.0,21.0,64.0
2026-03-08,1,medium,RURAL ,34.0,49,9,113,20,,8,117,6,22,8,32.0,3.931335549487902,138,1,87.0,16.0,30.0
2026-04-10,2,small,urban,30.0,28,23,83,5,9.0,25,111,24,64,8,27.0C,38.59180176150549,87,0,46.0,19.0,59.0
2025-11-05,5,small,rural,44.0,49,10,94,14,0.0,26,59,18,49,1,26.0,49.069166712064,160,0,45.0,15.0,72.0
2025-07-22,1,medium,rural,39.0,29,18,125,19,0.0,18,94,10,30,2,24.0,17.72741044143037,119,0,40.0,6.0,33.0
2026-03-15,4,small,Urban,,16,12,68,20,13.0,10,46,23,40,6,25.0,10.604061873868886,158,1,103.0,21.0,73.0
2025-03-30,4,small,rural,24.0,16,11,90,19,,24,91,16,38,4,20.0,23.451246985894176,183,0,113.0,7.0,37.0
2025-11-04,4,small,rural,32.0,29,8,124,15,,13,44,11,28,2,24.0,17.111276238945226,146,0,59.0,18.0,49.0
2026-04-17,5,medium,rural,43.0,16,17,52,17,9.0,20,82,20,57,8,39.0,39.56553571563335,194,1,56.0,17.0,26.0
2025-06-10,3,small,urban,54.0,22,19,133,14,1.0,27,79,17,59,3,26.0,31.417355877472215,167,0,102.0,20.0,70.0
2025-11-16,3,small,rural,58.0,49,14,174,8,1.0,26,46,18,56,4,31.0,46.43817106027462,57,1,83.0,7.0,29.0
2025-09-22,4,MEDIUM,urban,28.0,25,24,122,10,10.0,15,94,20,49,1,24.0C,8.739064243746691,83,0,61.0,11.0,76.0
2025-10-13,5, medium,rural,32.0,38,21,96,20,14.0,26,117,12,76,2,21.0,0.8456399960803662,123,0,84.0,12.0,71.0
2025-06-13,1,medium,rural,36.0,47,17,98,6,1.0,10,111,8,26,3,23.0,40.64254857683789,157,1,119.0,12.0,69.0
2025-11-13,3,Small ,urban,,27,11,192,17,7.0,19,53,5,75,7,23.0C,2.8312778688779017,81,1,117.0,8.0,32.0
2025-04-30,2,small, rural,31.0,16,17,125,7,,7,71,16,79,1,24.0,27.528531727068213,159,0,79.0,13.0,64.0
2026-02-02,3,medium,Urban,33.0,16,24,101,14,,23,43,9,59,6,37.0,45.74210749258273,104,0,102.0,22.0,70.0
2026-05-07,5,medium,rural,32.0,42,15,185,23,,20,106,18,51,2,27.0,0.6640601729290041,170,0,54.0,12.0,22.0
2025-05-01,2,small,rural,35.0,23,20,96,10,4.0,9,79,13,64,4,38.0,9.624657531791351,195,0,62.0,14.0,65.0
2026-01-10,1,small,rural,48.0,44,10,150,24,14.0,28,78,9,35,3,23.0,41.496979660622166,105,1,99.0,21.0,43.0
2026-04-26,1,small,RURAL ,52.0,16,24,115,20,2.0,19,86,11,52,7,24.0,28.789623556115483,171,1,115.0,10.0,69.0
2026-03-24,1,medium,rural,28.0,20,7,114,8,1.0,9,57,19,67,7,nanC,16.925343971273644,130,0,98.0,11.0,51.0
2025-03-14,5,medium,rural,,40,12,173,21,10.0,16,52,5,45,2,35.0,3.2638378783231947,134,1,78.0,19.0,65.0
2025-03-04,5,small,urban,46.0,29,19,151,21,0.0,18,56,5,32,8,22.0C,49.88361316323296,122,1,63.0,15.0,69.0
2025-07-25,3,medium, rural,49.0,43,24,61,16,6.0,10,69,9,59,7,nanC,45.764497018963695,55,1,42.0,12.0,22.0
2025-11-23,3, medium,urban,48.0,33,13,67,7,9.0,22,58,17,21,6,nan,18.060802948790588,103,0,59.0,19.0,73.0
2025-06-22,2,Small ,urban,45.0,16,9,88,20,5.0,18,70,21,64,1,34.0,14.306752122915716,97,0,53.0,17.0,76.0
2025-10-11,4,medium,urban,25.0,29,17,105,15,3.0,22,56,5,34,8,31.0C,29.80217977388236,76,0,77.0,7.0,54.0
2026-05-05,2,small,urban,,35,23,83,22,8.0,22,76,15,24,5,29.0,33.29735830402321,135,0,68.0,20.0,67.0
2025-10-02,3,Small ,rural,30.0,15,20,153,23,10.0,15,61,6,23,1,22.0,35.969407778741015,165,1,77.0,15.0,59.0
2026-01-22,2,small,rural,23.0,22,23,188,18,9.0,19,57,16,38,7,20.0C,24.29428030948066,101,1,54.0,8.0,57.0
2025-04-20,3,medium,rural,22.0,26,8,69,8,13.0,29,111,24,57,3,26.0C,22.451888018498085,155,0,66.0,22.0,32.0
2025-03-24,5, medium,Urban,58.0,34,18,169,21,13.0,22,82,12,62,4,35.0C,18.11467450001024,61,0,60.0,22.0,74.0
2025-05-30,4,medium,urban,33.0,48,18,61,24,,16,52,8,40,2,39.0,31.28249564707265,72,1,91.0,18.0,76.0
2025-08-03,3,medium,rural,34.0,28,8,195,12,12.0,10,85,20,68,7,31.0,47.28575542205122,73,0,64.0,7.0,71.0
2025-04-12,1,medium,rural,,43,12,61,8,7.0,15,119,5,68,7,nanC,13.407161480596042,75,1,48.0,17.0,56.0
2025-06-03,1, medium,rural,27.0,44,15,173,5,5.0,19,99,5,46,7,20.0,10.294099408916058,124,0,97.0,17.0,64.0
2025-09-27,4,small,rural,28.0,45,19,81,20,1.0,24,102,18,43,2,20.0,13.3998633442189,97,1,93.0,15.0,71.0
2025-12-10,4,medium,rural,29.0,22,20,136,5,3.0,6,53,11,44,4,39.0,4.677970345616778,145,0,76.0,20.0,50.0
2026-05-04,4,medium,urban,32.0,49,10,160,8,,25,91,14,67,1,32.0,46.613344196048615,139,0,76.0,15.0,24.0
2025-10-08,2,medium,rural,24.0,23,17,173,23,,23,56,10,23,5,32.0,11.751564940595932,168,1,56.0,21.0,36.0
2026-01-04,4,small,rural,48.0,30,11,68,11,11.0,17,96,18,38,4,nanC,11.65094821984174,61,1,119.0,22.0,41.0
2025-03-25,5,medium,rural,59.0,16,8,101,9,14.0,6,60,22,74,4,29.0,41.31951558002776,84,1,94.0,15.0,41.0
2025-11-30,5,medium,urban,,22,8,158,18,14.0,19,100,24,58,6,22.0,40.80283785571618,57,1,56.0,10.0,40.0
2025-01-30,4,Small ,rural,36.0,27,21,53,16,14.0,15,77,24,47,6,nan,21.75072971701117,186,1,111.0,13.0,52.0
2025-05-27,4,small,rural,40.0,46,12,55,10,10.0,12,82,10,42,9,29.0,13.71064445620735,64,1,75.0,8.0,34.0
2025-02-04,3,small,rural,44.0,46,24,106,10,7.0,15,45,9,53,5,30.0,39.75057684642352,112,0,117.0,24.0,67.0
2025-07-09,3,medium,rural,32.0,27,14,90,13,5.0,24,119,19,47,2,37.0,7.330727857992114,92,1,54.0,15.0,60.0
2025-11-24,5,medium,urban,31.0,18,17,162,24,,24,59,19,73,1,29.0,31.865107826901195,133,0,74.0,18.0,75.0
2025-04-10,1, medium,rural,28.0,30,21,111,9,3.0,15,83,14,78,1,26.0,33.11160791647965,150,0,114.0,12.0,71.0
2026-04-05,3,Small ,urban,49.0,46,15,50,6,10.0,27,41,17,23,2,33.0,38.48657091484401,65,1,98.0,23.0,54.0
2025-02-07,5,medium,rural,41.0,32,12,191,12,8.0,26,49,9,45,4,32.0,7.275774139367957,73,0,42.0,8.0,27.0
2025-02-15,1,medium,Urban,25.0,43,21,140,23,1.0,13,101,11,64,1,27.0C,31.302735449040064,65,1,91.0,8.0,32.0
2026-01-11,3,small,rural,30.0,37,6,167,19,3.0,13,99,21,43,8,26.0,20.78138910145776,153,1,82.0,11.0,60.0
2025-12-20,4,Small ,urban,39.0,49,21,188,21,0.0,12,84,21,32,9,33.0,42.57907000086187,198,1,67.0,8.0,77.0
2025-04-01,3,Small ,urban,55.0,19,23,57,22,6.0,7,92,14,31,2,31.0C,32.05430517910797,197,0,91.0,21.0,74.0
2026-03-19,3,medium,urban,,28,10,162,13,,26,115,9,49,5,28.0,11.71625328252634,175,0,81.0,9.0,78.0
2026-02-11,1,small,urban,40.0,32,13,184,10,,22,104,13,36,9,38.0,31.147702209169086,194,0,61.0,16.0,64.0
2025-08-07,1,medium,urban,23.0,17,9,196,15,,15,109,7,54,7,21.0,15.18675231125497,125,0,86.0,5.0,20.0
2025-09-08,1,small,rural,51.0,41,17,104,10,12.0,8,116,17,44,2,20.0,34.33393058620647,157,0,111.0,15.0,64.0
2025-05-14,5,small,urban,37.0,48,24,104,14,1.0,9,105,19,20,6,22.0C,9.329504843658375,80,0,102.0,16.0,25.0
2025-08-13,1,MEDIUM,rural,43.0,42,18,90,19,1.0,16,103,24,79,9,32.0C,7.0691777108170095,142,0,106.0,10.0,62.0
2025-04-25,1,medium,urban,31.0,42,14,114,13,5.0,20,81,6,41,8,29.0,12.232752730235651,140,0,101.0,6.0,35.0
2025-07-29,4,small,RURAL ,,49,10,57,17,2.0,28,101,16,54,4,23.0,32.82813511998262,169,0,77.0,15.0,52.0
2025-07-26,5,small,urban,22.0,39,15,94,11,0.0,29,42,12,22,7,nan,13.284278243313176,76,0,60.0,5.0,74.0
2025-11-29,1,small,urban,,23,15,194,11,4.0,15,63,19,59,7,30.0C,23.72667813112204,188,0,100.0,24.0,58.0
2025-09-09,4,MEDIUM,urban,54.0,43,8,94,12,7.0,27,111,15,64,7,30.0,12.180739599109714,161,1,102.0,23.0,25.0
2025-12-21,2,medium,urban,51.0,48,23,152,6,6.0,15,67,8,77,7,37.0C,43.18948114825017,134,1,105.0,15.0,58.0
2026-01-28,5, medium,urban,48.0,28,14,66,7,9.0,27,102,10,68,1,37.0,29.31177493903808,142,1,106.0,10.0,44.0
2025-02-08,1,small,urban,23.0,33,7,194,13,4.0,13,42,8,27,5,24.0,43.85637809492509,98,0,98.0,16.0,25.0
2026-02-05,3,small, rural,30.0,15,24,151,6,4.0,6,80,14,37,3,34.0C,26.65276450473556,139,0,44.0,5.0,47.0
2025-05-22,5,small,urban,35.0,22,16,140,18,5.0,26,105,9,51,7,23.0,28.63851383434729,163,0,77.0,22.0,49.0
2025-10-29,5,medium,urban,43.0,49,8,162,13,0.0,25,97,20,50,4,36.0,14.97115624015533,172,0,88.0,17.0,60.0
2026-03-13,2,small,rural,43.0,24,20,106,12,6.0,8,60,18,45,8,36.0,36.63063496201994,116,1,84.0,11.0,67.0
2025-04-27,2,small,urban,56.0,20,16,94,11,4.0,11,50,16,47,6,34.0,41.94196683826352,81,1,82.0,12.0,67.0
2025-11-09,2,small, rural,26.0,25,24,99,20,5.0,5,103,22,56,1,26.0,49.30883986418474,196,1,57.0,15.0,61.0
2025-08-15,2,small,Urban,32.0,40,17,78,18,3.0,14,79,12,53,7,24.0,32.171447475866536,77,0,49.0,20.0,44.0
2025-01-21,2,medium,urban,54.0,36,17,65,12,13.0,21,98,13,70,1,35.0,32.19539785338824,153,0,102.0,11.0,75.0
2026-04-20,3,small,rural,51.0,45,8,94,24,13.0,16,75,20,42,8,30.0C,42.50663673425184,189,0,47.0,13.0,60.0
2025-05-23,4, medium,rural,26.0,35,13,154,14,9.0,20,77,22,49,3,28.0,40.97478426930262,156,1,76.0,18.0,32.0
2025-10-21,4,medium,urban,22.0,33,9,87,19,6.0,15,93,16,66,2,21.0,48.27243173003106,71,1,66.0,10.0,21.0
2025-10-30,1, medium,rural,38.0,48,11,158,9,8.0,16,88,17,60,9,34.0,5.007749875338346,51,0,62.0,24.0,27.0
2026-02-13,5,medium,urban,56.0,49,21,97,14,0.0,28,50,5,32,1,21.0,38.89924857854684,190,0,116.0,15.0,26.0
2026-03-18,5,medium,RURAL ,49.0,45,24,75,6,6.0,27,41,17,58,6,29.0,20.55636391296896,135,0,115.0,9.0,49.0
2025-01-04,5,small,Urban,37.0,20,11,90,23,7.0,23,94,10,42,7,31.0,11.642927843804712,54,1,78.0,8.0,62.0
2025-03-08,2,small,urban,26.0,17,9,180,15,,23,62,19,74,2,25.0C,1.2322202318161335,169,1,85.0,22.0,30.0
2025-07-10,2,medium,rural,37.0,37,18,88,6,2.0,16,54,15,60,2,nan,32.296394651151964,144,0,74.0,5.0,21.0
2025-05-08,4,MEDIUM,urban,42.0,19,22,199,7,0.0,20,93,5,40,6,27.0,21.902203795269187,155,0,111.0,23.0,45.0
2025-12-09,3,small,urban,26.0,35,19,172,22,12.0,17,97,14,50,4,31.0,7.215602184374076,83,0,53.0,11.0,44.0
2025-09-04,4,medium,urban,37.0,33,10,51,14,8.0,18,69,17,59,1,nan,34.58888195709912,141,1,50.0,17.0,74.0
2026-04-01,2,small,urban,36.0,39,5,185,23,0.0,20,115,10,48,7,27.0C,2.24302788138585,113,1,99.0,16.0,27.0
2025-01-01,4,medium,rural,,48,24,79,21,12.0,5,87,9,60,1,37.0C,31.586120916329204,116,0,57.0,24.0,55.0
2025-05-04,3,medium,urban,27.0,43,14,196,12,,11,45,20,63,9,31.0,41.02537521160546,186,0,89.0,24.0,74.0
2025-05-28,3,medium,Urban,41.0,19,18,194,21,12.0,17,75,8,34,2,35.0,1.3304183038842066,181,0,97.0,17.0,52.0
2025-07-20,2,small,urban,44.0,26,16,157,22,11.0,9,43,9,25,6,36.0C,14.612447836969396,184,0,87.0,13.0,64.0
2026-03-30,5,small,urban,30.0,48,10,86,21,5.0,7,87,19,64,6,nanC,39.50416249857189,174,0,81.0,7.0,20.0
2026-02-27,2, medium,rural,37.0,21,23,62,19,9.0,27,69,9,74,2,22.0,48.29183344037918,134,1,64.0,5.0,36.0
2025-02-16,2,small,rural,37.0,29,13,147,13,6.0,23,91,8,32,7,28.0,3.763935832583681,78,1,80.0,23.0,24.0
2025-06-05,1, medium,urban,,31,22,142,20,11.0,21,95,8,63,8,36.0C,6.30550708393125,185,1,67.0,24.0,37.0
2025-09-05,1,small, rural,36.0,48,8,130,18,9.0,28,50,17,74,2,20.0,33.71467868500123,152,0,115.0,24.0,37.0
2026-02-28,2,medium,urban,34.0,28,9,80,13,6.0,12,64,5,36,1,22.0,8.739249394168297,158,1,67.0,16.0,65.0
2026-04-28,2,medium,rural,,45,9,168,17,14.0,11,69,6,55,9,26.0,0.8484564657733229,111,1,62.0,13.0,56.0
2025-03-07,4,medium,rural,31.0,26,23,159,19,4.0,22,111,11,76,9,23.0,46.53361277811992,119,1,62.0,19.0,74.0
2026-02-22,2,medium,urban,53.0,44,10,196,8,6.0,12,62,11,37,9,33.0C,49.22879481880565,72,1,113.0,15.0,42.0
2025-09-29,1,small,urban,59.0,34,15,90,15,13.0,23,81,14,28,8,32.0,31.658933744788616,90,0,60.0,15.0,50.0
2026-01-16,2,medium,urban,30.0,44,20,147,13,0.0,14,45,11,63,5,33.0C,24.39500976396509,79,1,95.0,13.0,74.0
2025-07-31,4,Small ,rural,56.0,25,9,136,15,9.0,11,54,11,43,9,39.0C,8.437471919911477,151,1,91.0,19.0,38.0
2025-10-16,3,medium,rural,32.0,30,23,195,12,13.0,24,74,19,74,2,38.0C,40.98385013902296,77,0,53.0,11.0,24.0
2026-02-23,5,small,urban,54.0,28,11,112,16,,12,113,15,42,4,25.0,33.32036523474595,161,1,86.0,22.0,25.0
2025-12-13,3,small,urban,47.0,17,16,147,24,12.0,10,107,10,39,1,32.0,11.823745611934728,66,1,79.0,24.0,63.0
2025-09-28,3,small,rural,34.0,21,18,128,16,2.0,20,93,15,71,9,20.0,45.61041183907628,164,1,81.0,14.0,28.0
2025-12-16,5,medium,urban,56.0,16,22,134,13,7.0,26,119,5,36,5,34.0C,16.000805654369586,167,0,55.0,16.0,64.0
2025-01-04,5,small,Urban,37.0,20,11,90,23,7.0,23,94,10,42,7,31.0,11.642927843804712,54,1,78.0,8.0,62.0
2026-02-02,3,medium,Urban,33.0,16,24,101,14,,23,43,9,59,6,37.0,45.74210749258273,104,0,102.0,22.0,70.0
2025-07-21,3,Small ,urban,58.0,21,21,68,15,0.0,28,87,13,64,3,37.0,14.740861917338345,191,1,94.0,10.0,30.0
2025-11-30,5,medium,urban,,22,8,158,18,14.0,19,100,24,58,6,22.0,40.80283785571618,57,1,56.0,10.0,40.0
2025-05-07,5,Small , rural,36.0,20,12,142,15,,21,103,6,41,3,35.0,42.18643963551288,197,0,93.0,5.0,40.0
2025-12-07,1,medium,urban,38.0,41,15,135,8,9.0,28,52,13,24,4,nan,31.50093403094137,141,1,109.0,14.0,74.0
2025-02-02,4,small,urban,59.0,22,8,192,21,6.0,19,101,22,65,2,31.0,6.670816776160354,64,1,96.0,22.0,76.0
2025-02-15,1,medium,Urban,25.0,43,21,140,23,1.0,13,101,11,64,1,27.0C,31.302735449040064,65,1,91.0,8.0,32.0
2025-08-03,3,medium,rural,34.0,28,8,195,12,12.0,10,85,20,68,7,31.0,47.28575542205122,73,0,64.0,7.0,71.0
2025-06-26,3,medium, rural,23.0,39,20,156,11,10.0,26,106,18,45,8,30.0C,1.6711786217751878,99,1,63.0,19.0,59.0
2026-05-02,1,MEDIUM, rural,52.0,33,10,115,19,7.0,12,113,16,36,7,32.0C,0.700725876302849,145,0,110.0,5.0,54.0
2026-01-17,5,medium,urban,42.0,35,6,60,20,3.0,21,95,13,74,5,35.0C,10.21282339681982,61,1,43.0,8.0,54.0
2025-02-17,5,small, rural,40.0,47,21,169,6,2.0,16,80,23,24,2,nanC,5.6198513588006485,63,1,70.0,14.0,44.0
2025-12-05,5,medium,urban,54.0,16,19,190,24,5.0,10,71,22,45,1,34.0,20.54712761750549,185,1,75.0,21.0,70.0
2025-01-17,4,small,urban,57.0,34,14,64,24,10.0,21,111,24,78,8,38.0,38.79386272348465,180,0,64.0,24.0,79.0
2026-04-26,1,small,RURAL ,52.0,16,24,115,20,2.0,19,86,11,52,7,24.0,28.789623556115483,171,1,115.0,10.0,69.0
2026-05-04,4,medium,urban,32.0,49,10,160,8,,25,91,14,67,1,32.0,46.613344196048615,139,0,76.0,15.0,24.0
2025-05-30,4,medium,urban,33.0,48,18,61,24,,16,52,8,40,2,39.0,31.28249564707265,72,1,91.0,18.0,76.0
2026-03-10,3,Small ,urban,26.0,28,13,70,8,12.0,8,49,10,57,4,23.0,12.414373981542298,148,1,114.0,14.0,33.0
2025-08-05,4,small,rural,34.0,16,14,176,19,9.0,6,60,24,43,7,nan,15.079343493677577,67,0,44.0,18.0,64.0
2025-12-24,5,small,urban,46.0,22,13,141,8,5.0,12,42,5,61,2,37.0,7.193807769489008,164,0,47.0,11.0,74.0
2025-05-19,2,medium,Urban,45.0,34,7,125,6,7.0,14,58,14,62,3,21.0C,42.0174088794254,64,0,95.0,18.0,62.0
2025-03-15,2,medium,urban,,22,15,168,8,0.0,19,78,19,65,7,32.0,41.09196613764512,60,0,67.0,14.0,33.0
2025-09-15,5,small,rural,33.0,32,19,87,21,3.0,9,97,20,60,5,20.0,31.53176474915402,132,0,95.0,23.0,67.0
2025-10-17,4,small,rural,,40,14,175,17,2.0,10,53,11,24,1,32.0C,49.96751502361001,172,1,111.0,15.0,39.0
2026-01-31,5,small,rural,51.0,16,21,97,8,8.0,21,82,12,66,5,31.0C,23.196813172744545,56,0,56.0,23.0,73.0
2025-06-04,3,medium,RURAL ,42.0,32,17,155,24,3.0,20,97,17,64,9,26.0C,17.624052347167556,172,1,95.0,8.0,63.0
2025-10-22,4,medium,rural,59.0,24,9,113,5,7.0,22,66,10,21,4,38.0,45.7907174095372,52,1,52.0,18.0,48.0
2025-03-20,4,small,urban,30.0,16,21,110,23,5.0,24,56,8,43,1,32.0C,49.12412903006239,129,1,69.0,16.0,60.0
